-- phpMyAdmin SQL Dump
-- version 4.5.2
-- http://www.phpmyadmin.net
--
-- Хост: localhost
-- Время создания: Мар 13 2016 г., 18:26
-- Версия сервера: 5.6.27-0ubuntu0.14.04.1
-- Версия PHP: 7.0.1-2+deb.sury.org~trusty+1

SET SQL_MODE = "NO_AUTO_VALUE_ON_ZERO";
SET time_zone = "+00:00";


/*!40101 SET @OLD_CHARACTER_SET_CLIENT=@@CHARACTER_SET_CLIENT */;
/*!40101 SET @OLD_CHARACTER_SET_RESULTS=@@CHARACTER_SET_RESULTS */;
/*!40101 SET @OLD_COLLATION_CONNECTION=@@COLLATION_CONNECTION */;
/*!40101 SET NAMES utf8mb4 */;

--
-- База данных: `rm`
--

-- --------------------------------------------------------

--
-- Структура таблицы `cities`
--

CREATE TABLE `cities` (
  `id` int(10) UNSIGNED NOT NULL,
  `name` varchar(255) COLLATE utf8_unicode_ci NOT NULL,
  `created_at` timestamp NOT NULL DEFAULT '0000-00-00 00:00:00',
  `updated_at` timestamp NOT NULL DEFAULT '0000-00-00 00:00:00'
) ENGINE=InnoDB DEFAULT CHARSET=utf8 COLLATE=utf8_unicode_ci;

--
-- Дамп данных таблицы `cities`
--

INSERT INTO `cities` (`id`, `name`, `created_at`, `updated_at`) VALUES
(1, 'Вінниця', '2015-10-15 08:06:25', '2015-10-15 08:06:25'),
(2, 'Дніпропетровськ', '2015-10-15 08:06:25', '2015-10-15 08:06:25'),
(3, 'Донецьк', '2015-10-15 08:06:25', '2015-10-15 08:06:25'),
(4, 'Житомир', '2015-10-15 08:06:25', '2015-10-15 08:06:25'),
(5, 'Запоріжжя', '2015-10-15 08:06:25', '2015-10-15 08:06:25'),
(6, 'Івано-Франківськ', '2015-10-15 08:06:25', '2015-10-15 08:06:25'),
(7, 'Київ', '2015-10-15 08:06:25', '2015-10-15 08:06:25'),
(8, 'Кіровоград', '2015-10-15 08:06:25', '2015-10-15 08:06:25'),
(9, 'Луганськ', '2015-10-15 08:06:25', '2015-10-15 08:06:25'),
(10, 'Луцьк', '2015-10-15 08:06:25', '2015-10-15 08:06:25'),
(11, 'Львів', '2015-10-15 08:06:25', '2015-10-15 08:06:25'),
(12, 'Миколаїв', '2015-10-15 08:06:25', '2015-10-15 08:06:25'),
(13, 'Одеса', '2015-10-15 08:06:25', '2015-10-15 08:06:25'),
(14, 'Полтава', '2015-10-15 08:06:25', '2015-10-15 08:06:25'),
(15, 'Рівне', '2015-10-15 08:06:25', '2015-10-15 08:06:25'),
(16, 'Севастополь', '2015-10-15 08:06:25', '2015-10-15 08:06:25'),
(17, 'Сімферополь', '2015-10-15 08:06:25', '2015-10-15 08:06:25'),
(18, 'Суми', '2015-10-15 08:06:25', '2015-10-15 08:06:25'),
(19, 'Тернопіль', '2015-10-15 08:06:25', '2015-10-15 08:06:25'),
(20, 'Ужгород', '2015-10-15 08:06:25', '2015-10-15 08:06:25'),
(21, 'Харків', '2015-10-15 08:06:25', '2015-10-15 08:06:25'),
(22, 'Херсон', '2015-10-15 08:06:25', '2015-10-15 08:06:25'),
(23, 'Хмельницький', '2015-10-15 08:06:25', '2015-10-15 08:06:25'),
(24, 'Черкаси', '2015-10-15 08:06:25', '2015-10-15 08:06:25'),
(25, 'Чернігів', '2015-10-15 08:06:25', '2015-10-15 08:06:25'),
(26, 'Чернівці', '2015-10-15 08:06:25', '2015-10-15 08:06:25');

-- --------------------------------------------------------

--
-- Структура таблицы `company`
--

CREATE TABLE `company` (
  `id` int(10) UNSIGNED NOT NULL,
  `company_name` varchar(255) COLLATE utf8_unicode_ci NOT NULL,
  `site` varchar(255) COLLATE utf8_unicode_ci NOT NULL,
  `users_id` int(11) NOT NULL,
  `remember_token` varchar(100) COLLATE utf8_unicode_ci DEFAULT NULL,
  `created_at` timestamp NOT NULL DEFAULT '0000-00-00 00:00:00',
  `updated_at` timestamp NOT NULL DEFAULT '0000-00-00 00:00:00',
  `email` varchar(255) COLLATE utf8_unicode_ci NOT NULL
) ENGINE=InnoDB DEFAULT CHARSET=utf8 COLLATE=utf8_unicode_ci;

--
-- Дамп данных таблицы `company`
--

INSERT INTO `company` (`id`, `company_name`, `site`, `users_id`, `remember_token`, `created_at`, `updated_at`, `email`) VALUES
(1, 'Ciklum', 'http://www.ciklum.com/', 3, NULL, '2015-10-15 11:06:20', '2015-10-15 11:06:20', 'test.profitday@bk.ru'),
(2, 'Sitecore', 'http://www.sitecore.net/', 1, NULL, '2015-10-15 11:06:20', '2016-03-13 19:12:20', 'test.profitday@bk.ru'),
(3, 'Epam', 'http://www.epam.com', 2, NULL, '2015-10-15 11:06:20', '2016-03-13 19:50:19', 'test.profitday@bk.ru'),
(8, 'РостВест', 'https://www.ua-region.info/32034931', 10, NULL, '2015-10-15 19:20:55', '2015-10-19 10:12:34', 'test.profitday@bk.ru'),
(9, 'Курсант', 'http://design-mania.ru/', 10, NULL, '2015-10-15 19:33:39', '2015-10-21 12:17:05', 'test.profitday@bk.ru'),
(10, 'ФВАПРОЛД', 'https://www.codecademy.com/', 2, NULL, '2015-10-16 00:22:36', '2015-10-16 00:41:31', 'test.profitday@bk.ru'),
(11, 'Космо', 'http://kosmo.ua/', 10, NULL, '2015-10-19 10:10:11', '2015-10-19 10:10:11', 'test.profitday@bk.ru'),
(12, 'IT-Academy', 'http://intita.com/', 13, NULL, '2015-10-20 15:36:56', '2015-10-20 15:36:56', 'test.profitday@bk.ru'),
(13, 'ПромоТаун', 'https://promo.ua', 15, NULL, '2015-10-27 10:20:16', '2015-10-27 10:20:16', 'test.profitday@bk.ru'),
(14, 'БимБом', 'http://bimbom-nsk.ru/o-nas', 15, NULL, '2015-10-27 10:31:14', '2015-10-27 10:31:14', 'test.profitday@bk.ru'),
(16, 'МакДональдс', 'http://www.mcdonalds.ua/', 20, NULL, '2015-11-02 10:33:27', '2015-11-02 10:33:27', 'test.profitday@bk.ru'),
(17, '111', '', 20, NULL, '2015-11-02 10:44:41', '2015-11-02 10:44:41', 'test.profitday@bk.ru'),
(18, '222', '', 20, NULL, '2015-11-02 10:44:55', '2015-11-02 10:44:55', 'test.profitday@bk.ru'),
(19, '333', '', 20, NULL, '2015-11-02 10:45:05', '2015-11-02 10:45:05', 'test.profitday@bk.ru'),
(20, '444', '', 20, NULL, '2015-11-02 10:45:15', '2015-11-02 10:45:15', 'test.profitday@bk.ru'),
(21, '555', '', 20, NULL, '2015-11-02 10:45:24', '2015-11-02 10:45:24', 'test.profitday@bk.ru'),
(22, '555', '', 20, NULL, '2015-11-02 10:45:34', '2015-11-02 10:45:51', 'test.profitday@bk.ru'),
(23, 'Epam', 'http://www.epam.com/', 18, NULL, '2015-11-04 09:42:56', '2015-11-04 09:42:56', 'test.profitday@bk.ru'),
(27, 'вввв', '', 17, NULL, '2015-11-10 15:28:05', '2015-11-10 15:28:05', 'test.profitday@bk.ru'),
(28, 'віааааааааааааа1111111111111111111111111', '', 17, NULL, '2015-11-10 18:41:31', '2015-11-10 18:41:31', 'test.profitday@bk.ru'),
(29, 'фвфыв', 'http://skudoum.blogspot.ru/2015/11/big-dick.html#comment-form', 22, NULL, '2015-11-28 16:13:27', '2015-11-28 16:13:27', 'test.profitday@bk.ru');

-- --------------------------------------------------------

--
-- Структура таблицы `currencies`
--

CREATE TABLE `currencies` (
  `id` int(10) UNSIGNED NOT NULL,
  `currency` varchar(3) COLLATE utf8_unicode_ci NOT NULL,
  `index` double(8,2) NOT NULL,
  `created_at` timestamp NOT NULL DEFAULT '0000-00-00 00:00:00',
  `updated_at` timestamp NOT NULL DEFAULT '0000-00-00 00:00:00'
) ENGINE=InnoDB DEFAULT CHARSET=utf8 COLLATE=utf8_unicode_ci;

--
-- Дамп данных таблицы `currencies`
--

INSERT INTO `currencies` (`id`, `currency`, `index`, `created_at`, `updated_at`) VALUES
(1, 'UAH', 1.00, '0000-00-00 00:00:00', '0000-00-00 00:00:00'),
(2, 'USD', 26.00, '0000-00-00 00:00:00', '0000-00-00 00:00:00');

-- --------------------------------------------------------

--
-- Структура таблицы `filterVacancies`
--

CREATE TABLE `filterVacancies` (
  `position` varchar(255) COLLATE utf8_unicode_ci NOT NULL,
  `company_id` int(11) NOT NULL,
  `branch` varchar(255) COLLATE utf8_unicode_ci NOT NULL,
  `date_field` date NOT NULL,
  `salary` int(11) NOT NULL,
  `description` mediumtext COLLATE utf8_unicode_ci NOT NULL,
  `user_email` varchar(255) COLLATE utf8_unicode_ci NOT NULL,
  `remember_token` varchar(100) COLLATE utf8_unicode_ci DEFAULT NULL,
  `created_at` timestamp NOT NULL DEFAULT '0000-00-00 00:00:00',
  `updated_at` timestamp NOT NULL DEFAULT '0000-00-00 00:00:00',
  `id` int(11) NOT NULL
) ENGINE=InnoDB DEFAULT CHARSET=utf8 COLLATE=utf8_unicode_ci;

-- --------------------------------------------------------

--
-- Структура таблицы `industries`
--

CREATE TABLE `industries` (
  `id` int(10) UNSIGNED NOT NULL,
  `name` varchar(255) COLLATE utf8_unicode_ci NOT NULL,
  `created_at` timestamp NOT NULL DEFAULT '0000-00-00 00:00:00',
  `updated_at` timestamp NOT NULL DEFAULT '0000-00-00 00:00:00'
) ENGINE=InnoDB DEFAULT CHARSET=utf8 COLLATE=utf8_unicode_ci;

--
-- Дамп данных таблицы `industries`
--

INSERT INTO `industries` (`id`, `name`, `created_at`, `updated_at`) VALUES
(1, 'Торгівля/продаж', '2015-10-15 11:06:25', '2015-10-15 11:06:25'),
(2, 'Інформаційні технології', '2015-10-15 11:06:25', '2015-10-15 11:06:25'),
(3, 'Керівництво/топ-менеджмент', '2015-10-15 11:06:25', '2015-10-15 11:06:25'),
(4, 'Менеджери/керівники середньої ланки', '2015-10-15 11:06:25', '2015-10-15 11:06:25'),
(5, 'Бухгалтерія/банк/фінанси/аудит', '2015-10-15 11:06:25', '2015-10-15 11:06:25'),
(6, 'Офісний персонал/HR', '2015-10-15 11:06:25', '2015-10-15 11:06:25'),
(7, 'Реклама/маркетинг/pr', '2015-10-15 11:06:25', '2015-10-15 11:06:25'),
(8, 'Інженерія/технології', '2015-10-15 11:06:25', '2015-10-15 11:06:25'),
(9, 'Будівництво/архітектура/нерухомість', '2015-10-15 11:06:25', '2015-10-15 11:06:25'),
(10, 'Юриспруденція/страхування/консалтинг', '2015-10-15 11:06:26', '2015-10-15 11:06:26'),
(11, 'Логістика/склад/митниця', '2015-10-15 11:06:26', '2015-10-15 11:06:26'),
(12, 'Транспорт/служба безпеки/охорона', '2015-10-15 11:06:26', '2015-10-15 11:06:26'),
(13, 'Поліграфія/дизайн/оформлення', '2015-10-15 11:06:26', '2015-10-15 11:06:26'),
(14, 'Виробництво/робітничі спеціальності', '2015-10-15 11:06:26', '2015-10-15 11:06:26'),
(15, 'Краса/фітнес/спорт/туризм', '2015-10-15 11:06:26', '2015-10-15 11:06:26'),
(16, 'Мистецтво/розваги/шоу-бізнес', '2015-10-15 11:06:26', '2015-10-15 11:06:26'),
(17, 'Журналістика/редагування/переклади', '2015-10-15 11:06:26', '2015-10-15 11:06:26'),
(18, 'Освіта/наука/виховання', '2015-10-15 11:06:26', '2015-10-15 11:06:26'),
(19, 'Сфера обслуговування/кулінарія/готелі/ресторани', '2015-10-15 11:06:26', '2015-10-15 11:06:26'),
(20, 'Охорона здоров''я/фармацевтика', '2015-10-15 11:06:26', '2015-10-15 11:06:26'),
(21, 'Сільське господарство/переробка с/г продукції', '2015-10-15 11:06:26', '2015-10-15 11:06:26'),
(22, 'Домашній персонал/різноробочі', '2015-10-15 11:06:26', '2015-10-15 11:06:26'),
(23, 'Громадські організації/політичні партії', '2015-10-15 11:06:26', '2015-10-15 11:06:26'),
(24, 'Екологія/охорона навколишнього середовища', '2015-10-15 11:06:26', '2015-10-15 11:06:26'),
(25, 'Соціальна сфера', '2015-10-15 11:06:26', '2015-10-15 11:06:26'),
(26, 'Житлово-комунальне господарство', '2015-10-15 11:06:26', '2015-10-15 11:06:26'),
(27, 'Стажування за кордоном/програми обміну', '2015-10-15 11:06:26', '2015-10-15 11:06:26');

-- --------------------------------------------------------

--
-- Структура таблицы `migrations`
--

CREATE TABLE `migrations` (
  `migration` varchar(255) COLLATE utf8_unicode_ci NOT NULL,
  `batch` int(11) NOT NULL
) ENGINE=InnoDB DEFAULT CHARSET=utf8 COLLATE=utf8_unicode_ci;

--
-- Дамп данных таблицы `migrations`
--

INSERT INTO `migrations` (`migration`, `batch`) VALUES
('2014_10_12_000000_create_users_table', 1),
('2014_10_12_100000_create_password_resets_table', 1),
('2015_06_06_140859_create_userlist_table', 1),
('2015_06_09_174158_create_vacancies_table', 1),
('2015_06_30_075746_create_resumes_table', 1),
('2015_07_10_205531_create_cities_table', 1),
('2015_07_10_210411_create_industries_table', 1),
('2015_08_21_063930_create_vacancy_city_table', 1),
('2015_08_26_082006_create_resume_city_table', 1),
('2015_09_02_094138_create_filter_table', 1),
('2015_09_06_101758_create_answer_table', 1),
('2015_09_06_101854_create_test1_table', 1),
('2015_09_06_102126_create_testPresentation_table', 1),
('2015_09_07_081804_create_user_session_table', 1),
('2016_03_02_190227_salary', 2),
('2016_02_28_104108_add_field_allUkarine_to_tables', 3),
('2016_03_08_005907_alter_table_currencies', 3),
('2016_03_13_182059_add_company_email_field', 4);

-- --------------------------------------------------------

--
-- Структура таблицы `password_resets`
--

CREATE TABLE `password_resets` (
  `email` varchar(255) COLLATE utf8_unicode_ci NOT NULL,
  `token` varchar(255) COLLATE utf8_unicode_ci NOT NULL,
  `created_at` timestamp NOT NULL DEFAULT '0000-00-00 00:00:00'
) ENGINE=InnoDB DEFAULT CHARSET=utf8 COLLATE=utf8_unicode_ci;

--
-- Дамп данных таблицы `password_resets`
--

INSERT INTO `password_resets` (`email`, `token`, `created_at`) VALUES
('teren_super1@i.ua', 'ce1a0b7267f09717f0e0c80f0d4f9c772d8c8dbdb226272adfd2ed3d476c32bf', '2015-10-16 14:43:05'),
('ruslan.vn@ukr.net', 'ccee27bc3fa02e712338724afff7561a78f50e0a2403f3da4516d5ad8513161c', '2015-10-16 15:33:16'),
('rerere222@i.ua', '05354d69e3107026344c2441b4c2921b5a999b0aeb756cd665259aa2970727fe', '2015-10-27 10:44:06'),
('maksimova.vin@rambler.ru', '4e008d4ce50ced3e09c40e897c58e07caee02120cc561b5d871cc4fdeabc4110', '2015-11-14 17:14:15');

-- --------------------------------------------------------

--
-- Структура таблицы `resumes`
--

CREATE TABLE `resumes` (
  `id` int(10) UNSIGNED NOT NULL,
  `id_u` int(11) NOT NULL,
  `name_u` varchar(255) COLLATE utf8_unicode_ci DEFAULT NULL,
  `telephone` varchar(255) COLLATE utf8_unicode_ci DEFAULT NULL,
  `email` varchar(255) COLLATE utf8_unicode_ci DEFAULT NULL,
  `position` varchar(255) COLLATE utf8_unicode_ci DEFAULT NULL,
  `industry` varchar(255) COLLATE utf8_unicode_ci DEFAULT NULL,
  `city` varchar(255) COLLATE utf8_unicode_ci DEFAULT NULL,
  `salary` int(11) DEFAULT NULL,
  `description` text COLLATE utf8_unicode_ci,
  `created_at` timestamp NOT NULL DEFAULT '0000-00-00 00:00:00',
  `updated_at` timestamp NOT NULL DEFAULT '0000-00-00 00:00:00',
  `salary_max` int(11) DEFAULT NULL,
  `currency_id` int(11) NOT NULL DEFAULT '0',
  `resumeAllUkraine` tinyint(1) NOT NULL
) ENGINE=InnoDB DEFAULT CHARSET=utf8 COLLATE=utf8_unicode_ci;

--
-- Дамп данных таблицы `resumes`
--

INSERT INTO `resumes` (`id`, `id_u`, `name_u`, `telephone`, `email`, `position`, `industry`, `city`, `salary`, `description`, `created_at`, `updated_at`, `salary_max`, `currency_id`, `resumeAllUkraine`) VALUES
(1, 1, 'Віккі Тестер', '0963363496', '33sorey44@gmail.com', 'Бухгалтер', '27', '14', 11000, 'Бухгалтер програмного забезпечення. Оплата праці:11000', '2015-10-15 11:06:23', '2015-10-15 11:06:23', 60000, 1, 0),
(2, 1, 'Віккі Тестер', '0963363496', '33sorey44@gmail.com', 'Тестер', '27', '14', 6000, 'Тестер програмного забезпечення. Оплата праці:6000', '2015-10-15 11:06:23', '2015-10-15 11:06:23', 60000, 1, 0),
(3, 2, 'Наталі Тестер', '0963363496', 'natasha-badora@yandex.ru', 'Фермер талантів', '27', '14', 13000, 'Фермер талантів програмного забезпечення. Оплата праці:13000', '2015-10-15 11:06:23', '2015-10-15 11:06:23', 60000, 1, 0),
(4, 3, 'Сергій Програмер', '0963363496', '3sorey4@gmail.com', 'VIP Програміст', '27', '14', 27000, 'VIP Програміст програмного забезпечення. Оплата праці:27000', '2015-10-15 11:06:23', '2015-10-15 11:06:23', 60000, 1, 0),
(5, 3, 'Сергій Програмер', '0963363496', '3sorey4@gmail.com', 'VIP Програміст', '27', '14', 27000, 'VIP Програміст програмного забезпечення. Оплата праці:27000', '2015-10-15 11:06:23', '2015-10-15 11:06:23', 60000, 1, 0),
(6, 1, 'Віккі Тестер', '0963363496', '33sorey44@gmail.com', 'Тестер', '27', '14', 6000, 'Тестер програмного забезпечення. Оплата праці:6000', '2015-10-15 11:06:23', '2015-10-15 11:06:23', 60000, 1, 0),
(7, 1, 'Віккі Тестер', '0963363496', '33sorey44@gmail.com', 'Тестер', '27', '14', 6000, 'Тестер програмного забезпечення. Оплата праці:6000', '2015-10-15 11:06:23', '2015-10-15 11:06:23', 60000, 1, 0),
(8, 1, 'Віккі Тестер', '0963363496', '33sorey44@gmail.com', 'Бухгалтер', '27', '14', 11000, 'Бухгалтер програмного забезпечення. Оплата праці:11000', '2015-10-15 11:06:23', '2015-10-15 11:06:23', 60000, 1, 0),
(9, 2, 'Наталі Тестер', '0963363496', 'natasha-badora@yandex.ru', 'Фермер талантів', '27', '14', 13000, 'Фермер талантів програмного забезпечення. Оплата праці:13000', '2015-10-15 11:06:23', '2015-10-15 11:06:23', 60000, 1, 0),
(10, 1, 'Віккі Тестер', '0963363496', '33sorey44@gmail.com', 'Архітектор', '27', '14', 9000, 'Архітектор програмного забезпечення. Оплата праці:9000', '2015-10-15 11:06:23', '2015-10-15 11:06:23', 60000, 1, 0),
(11, 1, 'Віккі Тестер', '0963363496', '33sorey44@gmail.com', 'Архітектор', '27', '14', 9000, 'Архітектор програмного забезпечення. Оплата праці:9000', '2015-10-15 11:06:23', '2015-10-15 11:06:23', 60000, 1, 0),
(12, 1, 'Віккі Тестер', '0963363496', '33sorey44@gmail.com', 'Бухгалтер', '27', '14', 11000, 'Бухгалтер програмного забезпечення. Оплата праці:11000', '2015-10-15 11:06:23', '2015-10-15 11:06:23', 60000, 1, 0),
(13, 1, 'Віккі Тестер', '0963363496', '33sorey44@gmail.com', 'Тестер', '27', '14', 6000, 'Тестер програмного забезпечення. Оплата праці:6000', '2015-10-15 11:06:23', '2015-10-15 11:06:23', 60000, 1, 0),
(14, 2, 'Наталі Тестер', '0963363496', 'natasha-badora@yandex.ru', 'Фермер талантів', '27', '14', 13000, 'Фермер талантів програмного забезпечення. Оплата праці:13000', '2015-10-15 11:06:23', '2015-10-15 11:06:23', 60000, 1, 0),
(15, 1, 'Віккі Тестер', '0963363496', '33sorey44@gmail.com', 'Архітектор', '27', '14', 9000, 'Архітектор програмного забезпечення. Оплата праці:9000', '2015-10-15 11:06:23', '2015-10-15 11:06:23', 60000, 1, 0),
(16, 1, 'Віккі Тестер', '0963363496', '33sorey44@gmail.com', 'Тестер', '27', '14', 6000, 'Тестер програмного забезпечення. Оплата праці:6000', '2015-10-15 11:06:23', '2015-10-15 11:06:23', 60000, 1, 0),
(17, 1, 'Віккі Тестер', '0963363496', '33sorey44@gmail.com', 'Архітектор', '27', '14', 9000, 'Архітектор програмного забезпечення. Оплата праці:9000', '2015-10-15 11:06:23', '2015-10-15 11:06:23', 60000, 1, 0),
(18, 1, 'Віккі Тестер', '0963363496', '33sorey44@gmail.com', 'Бухгалтер', '27', '14', 11000, 'Бухгалтер програмного забезпечення. Оплата праці:11000', '2015-10-15 11:06:23', '2015-10-15 11:06:23', 60000, 1, 0),
(19, 1, 'Віккі Тестер', '0963363496', '33sorey44@gmail.com', 'Тестер', '27', '14', 6000, 'Тестер програмного забезпечення. Оплата праці:6000', '2015-10-15 11:06:23', '2015-10-15 11:06:23', 60000, 1, 0),
(20, 1, 'Віккі Тестер', '0963363496', '33sorey44@gmail.com', 'Бухгалтер', '27', '14', 11000, 'Бухгалтер програмного забезпечення. Оплата праці:11000', '2015-10-15 11:06:23', '2015-10-15 11:06:23', 60000, 1, 0),
(21, 1, 'Віккі Тестер', '0963363496', '33sorey44@gmail.com', 'Архітектор', '27', '14', 9000, 'Архітектор програмного забезпечення. Оплата праці:9000', '2015-10-15 11:06:23', '2015-10-15 11:06:23', 60000, 1, 0),
(22, 1, 'Віккі Тестер', '0963363496', '33sorey44@gmail.com', 'Архітектор', '27', '14', 9000, 'Архітектор програмного забезпечення. Оплата праці:9000', '2015-10-15 11:06:23', '2015-10-15 11:06:23', 60000, 1, 0),
(23, 1, 'Віккі Тестер', '0963363496', '33sorey44@gmail.com', 'Тестер', '27', '14', 6000, 'Тестер програмного забезпечення. Оплата праці:6000', '2015-10-15 11:06:23', '2015-10-15 11:06:23', 60000, 1, 0),
(24, 1, 'Віккі Тестер', '0963363496', '33sorey44@gmail.com', 'Архітектор', '27', '14', 9000, 'Архітектор програмного забезпечення. Оплата праці:9000', '2015-10-15 11:06:23', '2015-10-15 11:06:23', 60000, 1, 0),
(25, 3, 'Сергій Програмер', '0963363496', '3sorey4@gmail.com', 'VIP Програміст', '27', '14', 27000, 'VIP Програміст програмного забезпечення. Оплата праці:27000', '2015-10-15 11:06:23', '2015-10-15 11:06:23', 60000, 1, 0),
(26, 2, 'Наталі Тестер', '0963363496', 'natasha-badora@yandex.ru', 'Фермер талантів', '27', '14', 13000, 'Фермер талантів програмного забезпечення. Оплата праці:13000', '2015-10-15 11:06:23', '2015-10-15 11:06:23', 60000, 1, 0),
(27, 3, 'Сергій Програмер', '0963363496', '3sorey4@gmail.com', 'VIP Програміст', '27', '14', 27000, 'VIP Програміст програмного забезпечення. Оплата праці:27000', '2015-10-15 11:06:23', '2015-10-15 11:06:23', 60000, 1, 0),
(28, 1, 'Віккі Тестер', '0963363496', '33sorey44@gmail.com', 'Архітектор', '27', '14', 9000, 'Архітектор програмного забезпечення. Оплата праці:9000', '2015-10-15 11:06:23', '2015-10-15 11:06:23', 60000, 1, 0),
(29, 1, 'Віккі Тестер', '0963363496', '33sorey44@gmail.com', 'Тестер', '27', '14', 6000, 'Тестер програмного забезпечення. Оплата праці:6000', '2015-10-15 11:06:23', '2015-10-15 11:06:23', 60000, 1, 0),
(30, 3, 'Сергій Програмер', '0963363496', '3sorey4@gmail.com', 'VIP Програміст', '27', '14', 27000, 'VIP Програміст програмного забезпечення. Оплата праці:27000', '2015-10-15 11:06:23', '2015-10-15 11:06:23', 60000, 1, 0),
(31, 1, 'Віккі Тестер', '0963363496', '33sorey44@gmail.com', 'Тестер', '27', '14', 6000, 'Тестер програмного забезпечення. Оплата праці:6000', '2015-10-15 11:06:23', '2015-10-15 11:06:23', 60000, 1, 0),
(32, 1, 'Віккі Тестер', '0963363496', '33sorey44@gmail.com', 'Тестер', '27', '14', 6000, 'Тестер програмного забезпечення. Оплата праці:6000', '2015-10-15 11:06:23', '2015-10-15 11:06:23', 60000, 1, 0),
(33, 1, 'Віккі Тестер', '0963363496', '33sorey44@gmail.com', 'Бухгалтер', '27', '14', 11000, 'Бухгалтер програмного забезпечення. Оплата праці:11000', '2015-10-15 11:06:23', '2015-10-15 11:06:23', 60000, 1, 0),
(34, 1, 'Віккі Тестер', '0963363496', '33sorey44@gmail.com', 'Бухгалтер', '27', '14', 11000, 'Бухгалтер програмного забезпечення. Оплата праці:11000', '2015-10-15 11:06:23', '2015-10-15 11:06:23', 60000, 1, 0),
(35, 1, 'Віккі Тестер', '0963363496', '33sorey44@gmail.com', 'Тестер', '27', '14', 6000, 'Тестер програмного забезпечення. Оплата праці:6000', '2015-10-15 11:06:23', '2015-10-15 11:06:23', 60000, 1, 0),
(36, 1, 'Віккі Тестер', '0963363496', '33sorey44@gmail.com', 'Бухгалтер', '27', '14', 11000, 'Бухгалтер програмного забезпечення. Оплата праці:11000', '2015-10-15 11:06:23', '2015-10-15 11:06:23', 60000, 1, 0),
(37, 1, 'Віккі Тестер', '0963363496', '33sorey44@gmail.com', 'Тестер', '27', '14', 6000, 'Тестер програмного забезпечення. Оплата праці:6000', '2015-10-15 11:06:23', '2015-10-15 11:06:23', 60000, 1, 0),
(38, 2, 'Наталі Тестер', '0963363496', 'natasha-badora@yandex.ru', 'Фермер талантів', '27', '14', 13000, 'Фермер талантів програмного забезпечення. Оплата праці:13000', '2015-10-15 11:06:23', '2015-10-15 11:06:23', 60000, 1, 0),
(39, 1, 'Віккі Тестер', '0963363496', '33sorey44@gmail.com', 'Тестер', '27', '14', 6000, 'Тестер програмного забезпечення. Оплата праці:6000', '2015-10-15 11:06:23', '2015-10-15 11:06:23', 60000, 1, 0),
(40, 1, 'Віккі Тестер', '0963363496', '33sorey44@gmail.com', 'Бухгалтер', '27', '14', 11000, 'Бухгалтер програмного забезпечення. Оплата праці:11000', '2015-10-15 11:06:23', '2015-10-15 11:06:23', 60000, 1, 0),
(41, 1, 'Віккі Тестер', '0963363496', '33sorey44@gmail.com', 'Бухгалтер', '27', '14', 11000, 'Бухгалтер програмного забезпечення. Оплата праці:11000', '2015-10-15 11:06:23', '2015-10-15 11:06:23', 60000, 1, 0),
(42, 3, 'Сергій Програмер', '0963363496', '3sorey4@gmail.com', 'VIP Програміст', '27', '14', 27000, 'VIP Програміст програмного забезпечення. Оплата праці:27000', '2015-10-15 11:06:23', '2015-10-15 11:06:23', 60000, 1, 0),
(43, 1, 'Віккі Тестер', '0963363496', '33sorey44@gmail.com', 'Бухгалтер', '27', '14', 11000, 'Бухгалтер програмного забезпечення. Оплата праці:11000', '2015-10-15 11:06:23', '2015-10-15 11:06:23', 60000, 1, 0),
(44, 1, 'Віккі Тестер', '0963363496', '33sorey44@gmail.com', 'Архітектор', '27', '14', 9000, 'Архітектор програмного забезпечення. Оплата праці:9000', '2015-10-15 11:06:23', '2015-10-15 11:06:23', 60000, 1, 0),
(45, 1, 'Віккі Тестер', '0963363496', '33sorey44@gmail.com', 'Архітектор', '27', '14', 9000, 'Архітектор програмного забезпечення. Оплата праці:9000', '2015-10-15 11:06:23', '2015-10-15 11:06:23', 60000, 1, 0),
(46, 2, 'Наталі Тестер', '0963363496', 'natasha-badora@yandex.ru', 'Фермер талантів', '27', '14', 13000, 'Фермер талантів програмного забезпечення. Оплата праці:13000', '2015-10-15 11:06:23', '2015-10-15 11:06:23', 60000, 1, 0),
(47, 2, 'Наталі Тестер', '0963363496', 'natasha-badora@yandex.ru', 'Фермер талантів', '27', '14', 13000, 'Фермер талантів програмного забезпечення. Оплата праці:13000', '2015-10-15 11:06:23', '2015-10-15 11:06:23', 60000, 1, 0),
(48, 1, 'Віккі Тестер', '0963363496', '33sorey44@gmail.com', 'Бухгалтер', '27', '14', 11000, 'Бухгалтер програмного забезпечення. Оплата праці:11000', '2015-10-15 11:06:23', '2015-10-15 11:06:23', 60000, 1, 0),
(49, 3, 'Сергій Програмер', '0963363496', '3sorey4@gmail.com', 'VIP Програміст', '27', '14', 27000, 'VIP Програміст програмного забезпечення. Оплата праці:27000', '2015-10-15 11:06:23', '2015-10-15 11:06:23', 60000, 1, 0),
(50, 3, 'Сергій Програмер', '0963363496', '3sorey4@gmail.com', 'VIP Програміст', '27', '14', 27000, 'VIP Програміст програмного забезпечення. Оплата праці:27000', '2015-10-15 11:06:23', '2015-10-15 11:06:23', 60000, 1, 0),
(51, 1, 'Віккі Тестер', '0963363496', '33sorey44@gmail.com', 'Тестер', '27', '14', 6000, 'Тестер програмного забезпечення. Оплата праці:6000', '2015-10-15 11:06:23', '2015-10-15 11:06:23', 60000, 1, 0),
(52, 1, 'Віккі Тестер', '0963363496', '33sorey44@gmail.com', 'Тестер', '27', '14', 6000, 'Тестер програмного забезпечення. Оплата праці:6000', '2015-10-15 11:06:24', '2015-10-15 11:06:24', 60000, 1, 0),
(53, 1, 'Віккі Тестер', '0963363496', '33sorey44@gmail.com', 'Архітектор', '27', '14', 9000, 'Архітектор програмного забезпечення. Оплата праці:9000', '2015-10-15 11:06:24', '2015-10-15 11:06:24', 60000, 1, 0),
(54, 1, 'Віккі Тестер', '0963363496', '33sorey44@gmail.com', 'Архітектор', '27', '14', 9000, 'Архітектор програмного забезпечення. Оплата праці:9000', '2015-10-15 11:06:24', '2015-10-15 11:06:24', 60000, 1, 0),
(55, 3, 'Сергій Програмер', '0963363496', '3sorey4@gmail.com', 'VIP Програміст', '8', '6', 27000, 'VIP Програміст програмного забезпечення. Оплата праці:27000', '2015-10-15 11:06:24', '2015-10-15 11:06:24', 60000, 1, 0),
(56, 2, 'Наталі Тестер', '0963363496', 'natasha-badora@yandex.ru', 'Фермер талантів', '19', '11', 13000, 'Фермер талантів програмного забезпечення. Оплата праці:13000', '2015-10-15 11:06:24', '2015-10-15 11:06:24', 60000, 1, 0),
(57, 1, 'Віккі Тестер', '0963363496', '33sorey44@gmail.com', 'Архітектор', '25', '21', 9000, 'Архітектор програмного забезпечення. Оплата праці:9000', '2015-10-15 11:06:24', '2015-10-15 11:06:24', 60000, 1, 0),
(58, 1, 'Віккі Тестер', '0963363496', '33sorey44@gmail.com', 'Архітектор', '25', '3', 9000, 'Архітектор програмного забезпечення. Оплата праці:9000', '2015-10-15 11:06:24', '2015-10-15 11:06:24', 60000, 1, 0),
(59, 2, 'Наталі Тестер', '0963363496', 'natasha-badora@yandex.ru', 'Фермер талантів', '7', '21', 13000, 'Фермер талантів програмного забезпечення. Оплата праці:13000', '2015-10-15 11:06:24', '2015-10-15 11:06:24', 60000, 1, 0),
(60, 1, 'Віккі Тестер', '0963363496', '33sorey44@gmail.com', 'Бухгалтер', '9', '25', 11000, 'Бухгалтер програмного забезпечення. Оплата праці:11000', '2015-10-15 11:06:24', '2015-10-15 11:06:24', 60000, 1, 0),
(61, 3, 'Сергій Програмер', '0963363496', '3sorey4@gmail.com', 'VIP Програміст', '15', '11', 27000, 'VIP Програміст програмного забезпечення. Оплата праці:27000', '2015-10-15 11:06:24', '2015-10-15 11:06:24', 60000, 1, 0),
(62, 1, 'Віккі Тестер', '0963363496', '33sorey44@gmail.com', 'Архітектор', '6', '2', 9000, 'Архітектор програмного забезпечення. Оплата праці:9000', '2015-10-15 11:06:24', '2015-10-15 11:06:24', 60000, 1, 0),
(63, 1, 'Віккі Тестер', '0963363496', '33sorey44@gmail.com', 'Архітектор', '2', '26', 9000, 'Архітектор програмного забезпечення. Оплата праці:9000', '2015-10-15 11:06:24', '2015-10-15 11:06:24', 60000, 1, 0),
(64, 3, 'Сергій Програмер', '0963363496', '3sorey4@gmail.com', 'VIP Програміст', '10', '12', 27000, 'VIP Програміст програмного забезпечення. Оплата праці:27000', '2015-10-15 11:06:24', '2015-10-15 11:06:24', 60000, 1, 0),
(65, 1, 'Віккі Тестер', '0963363496', '33sorey44@gmail.com', 'Тестер', '4', '20', 6000, 'Тестер програмного забезпечення. Оплата праці:6000', '2015-10-15 11:06:24', '2015-10-15 11:06:24', 60000, 1, 0),
(66, 1, 'Віккі Тестер', '0963363496', '33sorey44@gmail.com', 'Архітектор', '20', '12', 9000, 'Архітектор програмного забезпечення. Оплата праці:9000', '2015-10-15 11:06:24', '2015-10-15 11:06:24', 60000, 1, 0),
(67, 3, 'Сергій Програмер', '0963363496', '3sorey4@gmail.com', 'VIP Програміст', '5', '10', 27000, 'VIP Програміст програмного забезпечення. Оплата праці:27000', '2015-10-15 11:06:24', '2015-10-15 11:06:24', 60000, 1, 0),
(68, 2, 'Наталі Тестер', '0963363496', 'natasha-badora@yandex.ru', 'Фермер талантів', '21', '9', 13000, 'Фермер талантів програмного забезпечення. Оплата праці:13000', '2015-10-15 11:06:24', '2015-10-15 11:06:24', 60000, 1, 0),
(69, 3, 'Сергій Програмер', '0963363496', '3sorey4@gmail.com', 'VIP Програміст', '14', '16', 27000, 'VIP Програміст програмного забезпечення. Оплата праці:27000', '2015-10-15 11:06:24', '2015-10-15 11:06:24', 60000, 1, 0),
(70, 2, 'Наталі Тестер', '0963363496', 'natasha-badora@yandex.ru', 'Фермер талантів', '15', '25', 13000, 'Фермер талантів програмного забезпечення. Оплата праці:13000', '2015-10-15 11:06:24', '2015-10-15 11:06:24', 60000, 1, 0),
(71, 2, 'Наталі Тестер', '0963363496', 'natasha-badora@yandex.ru', 'Фермер талантів', '15', '13', 13000, 'Фермер талантів програмного забезпечення. Оплата праці:13000', '2015-10-15 11:06:24', '2015-10-15 11:06:24', 60000, 1, 0),
(72, 1, 'Віккі Тестер', '0963363496', '33sorey44@gmail.com', 'Бухгалтер', '2', '18', 11000, 'Бухгалтер програмного забезпечення. Оплата праці:11000', '2015-10-15 11:06:24', '2015-10-15 11:06:24', 60000, 1, 0),
(73, 1, 'Віккі Тестер', '0963363496', '33sorey44@gmail.com', 'Бухгалтер', '17', '19', 11000, 'Бухгалтер програмного забезпечення. Оплата праці:11000', '2015-10-15 11:06:24', '2015-10-15 11:06:24', 60000, 1, 0),
(74, 1, 'Віккі Тестер', '0963363496', '33sorey44@gmail.com', 'Бухгалтер', '13', '2', 11000, 'Бухгалтер програмного забезпечення. Оплата праці:11000', '2015-10-15 11:06:24', '2015-10-15 11:06:24', 60000, 1, 0),
(75, 1, 'Віккі Тестер', '0963363496', '33sorey44@gmail.com', 'Архітектор', '22', '6', 9000, 'Архітектор програмного забезпечення. Оплата праці:9000', '2015-10-15 11:06:24', '2015-10-15 11:06:24', 60000, 1, 0),
(76, 1, 'Віккі Тестер', '0963363496', '33sorey44@gmail.com', 'Тестер', '11', '26', 6000, 'Тестер програмного забезпечення. Оплата праці:6000', '2015-10-15 11:06:24', '2015-10-15 11:06:24', 60000, 1, 0),
(77, 2, 'Наталі Тестер', '0963363496', 'natasha-badora@yandex.ru', 'Фермер талантів', '10', '5', 13000, 'Фермер талантів програмного забезпечення. Оплата праці:13000', '2015-10-15 11:06:24', '2015-10-15 11:06:24', 60000, 1, 0),
(78, 1, 'Віккі Тестер', '0963363496', '33sorey44@gmail.com', 'Бухгалтер', '3', '25', 11000, 'Бухгалтер програмного забезпечення. Оплата праці:11000', '2015-10-15 11:06:24', '2015-10-15 11:06:24', 60000, 1, 0),
(79, 1, 'Віккі Тестер', '0963363496', '33sorey44@gmail.com', 'Тестер', '26', '13', 6000, 'Тестер програмного забезпечення. Оплата праці:6000', '2015-10-15 11:06:24', '2015-10-15 11:06:24', 60000, 1, 0),
(80, 3, 'Сергій Програмер', '0963363496', '3sorey4@gmail.com', 'VIP Програміст', '17', '2', 27000, 'VIP Програміст програмного забезпечення. Оплата праці:27000', '2015-10-15 11:06:24', '2015-10-15 11:06:24', 60000, 1, 0),
(81, 3, 'Сергій Програмер', '0963363496', '3sorey4@gmail.com', 'VIP Програміст', '6', '16', 27000, 'VIP Програміст програмного забезпечення. Оплата праці:27000', '2015-10-15 11:06:24', '2015-10-15 11:06:24', 60000, 1, 0),
(82, 1, 'Віккі Тестер', '0963363496', '33sorey44@gmail.com', 'Тестер', '6', '17', 6000, 'Тестер програмного забезпечення. Оплата праці:6000', '2015-10-15 11:06:24', '2015-10-15 11:06:24', 60000, 1, 0),
(83, 1, 'Віккі Тестер', '0963363496', '33sorey44@gmail.com', 'Бухгалтер', '8', '8', 11000, 'Бухгалтер програмного забезпечення. Оплата праці:11000', '2015-10-15 11:06:24', '2015-10-15 11:06:24', 60000, 1, 0),
(84, 2, 'Наталі Тестер', '0963363496', 'natasha-badora@yandex.ru', 'Фермер талантів', '9', '21', 13000, 'Фермер талантів програмного забезпечення. Оплата праці:13000', '2015-10-15 11:06:24', '2015-10-15 11:06:24', 60000, 1, 0),
(85, 3, 'Сергій Програмер', '0963363496', '3sorey4@gmail.com', 'VIP Програміст', '22', '17', 27000, 'VIP Програміст програмного забезпечення. Оплата праці:27000', '2015-10-15 11:06:24', '2015-10-15 11:06:24', 60000, 1, 0),
(86, 1, 'Віккі Тестер', '0963363496', '33sorey44@gmail.com', 'Бухгалтер', '2', '1', 11000, 'Бухгалтер програмного забезпечення. Оплата праці:11000', '2015-10-15 11:06:24', '2015-10-15 11:06:24', 60000, 1, 0),
(87, 1, 'Віккі Тестер', '0963363496', '33sorey44@gmail.com', 'Бухгалтер', '20', '10', 11000, 'Бухгалтер програмного забезпечення. Оплата праці:11000', '2015-10-15 11:06:24', '2015-10-15 11:06:24', 60000, 1, 0),
(88, 1, 'Віккі Тестер', '0963363496', '33sorey44@gmail.com', 'Тестер', '22', '13', 6000, 'Тестер програмного забезпечення. Оплата праці:6000', '2015-10-15 11:06:24', '2015-10-15 11:06:24', 60000, 1, 0),
(89, 1, 'Віккі Тестер', '0963363496', '33sorey44@gmail.com', 'Бухгалтер', '5', '12', 11000, 'Бухгалтер програмного забезпечення. Оплата праці:11000', '2015-10-15 11:06:24', '2015-10-15 11:06:24', 60000, 1, 0),
(90, 2, 'Наталі Тестер', '0963363496', 'natasha-badora@yandex.ru', 'Фермер талантів', '4', '3', 13000, 'Фермер талантів програмного забезпечення. Оплата праці:13000', '2015-10-15 11:06:24', '2015-10-15 11:06:24', 60000, 1, 0),
(91, 2, 'Наталі Тестер', '0963363496', 'natasha-badora@yandex.ru', 'Фермер талантів', '1', '8', 13000, 'Фермер талантів програмного забезпечення. Оплата праці:13000', '2015-10-15 11:06:24', '2015-10-15 11:06:24', 60000, 1, 0),
(92, 1, 'Віккі Тестер', '0963363496', '33sorey44@gmail.com', 'Тестер', '11', '14', 6000, 'Тестер програмного забезпечення. Оплата праці:6000', '2015-10-15 11:06:25', '2015-10-15 11:06:25', 60000, 1, 0),
(93, 3, 'Сергій Програмер', '0963363496', '3sorey4@gmail.com', 'VIP Програміст', '11', '22', 27000, 'VIP Програміст програмного забезпечення. Оплата праці:27000', '2015-10-15 11:06:25', '2015-10-15 11:06:25', 60000, 1, 0),
(94, 1, 'Віккі Тестер', '0963363496', '33sorey44@gmail.com', 'Бухгалтер', '4', '5', 11000, 'Бухгалтер програмного забезпечення. Оплата праці:11000', '2015-10-15 11:06:25', '2015-10-15 11:06:25', 60000, 1, 0),
(95, 3, 'Сергій Програмер', '0963363496', '3sorey4@gmail.com', 'VIP Програміст', '25', '1', 27000, 'VIP Програміст програмного забезпечення. Оплата праці:27000', '2015-10-15 11:06:25', '2015-10-15 11:06:25', 60000, 1, 0),
(96, 1, 'Віккі Тестер', '0963363496', '33sorey44@gmail.com', 'Архітектор', '26', '2', 9000, 'Архітектор програмного забезпечення. Оплата праці:9000', '2015-10-15 11:06:25', '2015-10-15 11:06:25', 60000, 1, 0),
(97, 1, 'Віккі Тестер', '0963363496', '33sorey44@gmail.com', 'Архітектор', '1', '22', 9000, 'Архітектор програмного забезпечення. Оплата праці:9000', '2015-10-15 11:06:25', '2015-10-15 11:06:25', 60000, 1, 0),
(98, 3, 'Сергій Програмер', '0963363496', '3sorey4@gmail.com', 'VIP Програміст', '6', '17', 27000, 'VIP Програміст програмного забезпечення. Оплата праці:27000', '2015-10-15 11:06:25', '2015-10-15 11:06:25', 60000, 1, 0),
(99, 1, 'Віккі Тестер', '0963363496', '33sorey44@gmail.com', 'Архітектор', '10', '22', 9000, 'Архітектор програмного забезпечення. Оплата праці:9000', '2015-10-15 11:06:25', '2015-10-15 11:06:25', 60000, 1, 0),
(100, 3, 'Сергій Програмер', '0963363496', '3sorey4@gmail.com', 'VIP Програміст', '26', '26', 27000, 'VIP Програміст програмного забезпечення. Оплата праці:27000', '2015-10-15 11:06:25', '2015-10-15 11:06:25', 60000, 1, 0),
(101, 3, 'Сергій Програмер', '0963363496', '3sorey4@gmail.com', 'VIP Програміст', '17', '1', 27000, 'VIP Програміст програмного забезпечення. Оплата праці:27000', '2015-10-15 11:06:25', '2015-10-15 11:06:25', 60000, 1, 0),
(102, 1, 'Віккі Тестер', '0963363496', '33sorey44@gmail.com', 'Тестер', '24', '11', 6000, 'Тестер програмного забезпечення. Оплата праці:6000', '2015-10-15 11:06:25', '2015-10-15 11:06:25', 60000, 1, 0),
(103, 2, 'Наталі Тестер', NULL, 'rusl.vn@ukr.net', 'Фермер талантів', '21', '21', 13000, 'Фермер талантів програмного забезпечення. Оплата праці:13000', '2015-10-15 11:06:25', '2016-03-09 16:52:31', 60000, 2, 0),
(104, 2, 'Наталі Тестер', '0963363496', 'natasha-badora@yandex.ru', 'Фермер талантів', '25', '25', 13000, 'Фермер талантів програмного забезпечення. Оплата праці:13000', '2015-10-15 11:06:25', '2015-10-15 11:06:25', 60000, 1, 0),
(105, 2, 'Наталі Тестер', '0963363496', 'natasha-badora@yandex.ru', 'Фермер талантів', '23', '24', 13000, 'Фермер талантів програмного забезпечення. Оплата праці:13000', '2015-10-15 11:06:25', '2015-10-15 11:06:25', 60000, 1, 0),
(106, 10, 'Дячук Андрій Олександрович', '', 'teren_super1@i.ua', 'Стоматолог', '9', '1', 5000, 'Дитячий стоматолог', '2015-10-15 13:53:11', '2015-10-19 09:18:53', 60000, 1, 0),
(107, 10, 'Шевчук Валентина', '', 'teren_super1@i.ua', 'дизайнер', '13', '1', 6500, 'дизайн, виготовлення макетів. Великий досвід роботи.', '2015-10-15 13:58:33', '2015-11-10 14:41:06', 60000, 1, 0),
(112, 10, 'Романова Ірина', '096-123-45-55', 'teren_super1@i.ua', 'Управляючий', '3', '25', 5500, 'Досвід роботи більше 3 років', '2015-10-19 10:05:14', '2015-10-19 10:05:14', 60000, 1, 0),
(113, 13, 'Roman Melnyk', '', 'romcom77@gmail.com', 'Директор', '2', '1', 55000, 'можу керувати\r\n\r\n\r\n\r\n\r\nsdfgdsfgdsfhsdf\r\n\r\n\r\n\r\nsdfhsdfhsdrfsgggggggggggggggggggggggggggggggggggggggggggggggggggggggggggggggggggggggggggggggggggggggggggdrfnnnnnbbxcfxn                      xcvvvvvvvvvvvvvvvvvvvvvvvvvvvvvvvvvvvvvvvvvvvvvvvvvvvvvvvvvvvvvvvvvvvvvvvvvvvvvvvvvvvvvvvvvvvvvvvvvvvvvvvvvvvvvvvvvvvvvvvvvvvvvvvvvvvvvvvvvvvvvvvvvvvvvvvvvvvvvvvvvvvvvvvvvvvvvvvvvvvvvvvvvvvvvvvvv\r\n\r\n\r\n\r\ndagsdgdfsg\r\na\r\n\r\n\r\n\r\n\r\nagdfhdf', '2015-10-20 15:46:05', '2015-10-20 22:21:55', 60000, 1, 0),
(114, 10, 'Руденко Вадим', '0999988999', 'teren_super1@i.ua', 'Продавець', '9', '10', 1500, 'Продавець побутових товарів', '2015-10-21 12:03:56', '2015-10-21 12:30:27', 60000, 1, 0),
(115, 15, 'Анфілова Марина', '', 'tatyana@ukr.net', 'Секретар', '6', '18', 3500, 'секретар ', '2015-10-27 10:10:12', '2015-10-27 10:10:12', 60000, 1, 0),
(116, 15, 'Вахтанг Вахтангович', '0988282829', 'tatyana@ukr.net', 'Офіціант', '19', '14', 6000, 'ресторанна справа, повар', '2015-10-27 10:29:28', '2015-10-31 22:57:32', 60000, 1, 0),
(117, 20, 'Войтюк Марина', '', 'tatya@ukr.net', 'Директор', '3', '1', 8000, 'Керівник закладу швидкого харчування', '2015-11-02 10:38:20', '2015-11-02 10:41:16', 60000, 1, 0),
(118, 20, 'Войтюк Марина', '', 'tatya@ukr.net', 'Керівник', '3', '2', 8100, 'Директор, стаж', '2015-11-02 10:42:31', '2015-11-02 10:42:31', 60000, 1, 0),
(119, 20, 'Войтюк Владислав', '', 'voytuk@i.ua', 'Будівельник', '9', '6', 6000, 'Без досвіду', '2015-11-02 10:43:59', '2015-11-02 10:43:59', 60000, 1, 0),
(120, 18, 'Маркуш Валентина', '096-123-45-55', 'maksimova.vin@rambler.ru', 'Терапевт', '3', '20', 3000, 'лікар-терапевт\r\n', '2015-11-03 12:53:16', '2015-11-11 10:13:10', 60000, 1, 0),
(121, 2, 'sadasdasd asdasdasda', '1212121212', 'natasha-badora@yandex.ru', 'asdasdasdasdasdasd', '9', '2', 123, '123sadasd123sadasd123sadasd123sadasd123sadasd123sadasd123sadasd123sadasd123sadasd123sadasd123sadasd123sadasd123sadasd123sadasd123sadasd123sadasd123sadasd123sadasd123sadasd123sadasd123sadasd123sadasd123sadasd123sadasd123sadasd123sadasd123sadasd123sadasd123sadasd123sadasd123sadasd123sadasd123sadasd123sadasd123sadasd123sadasd123sadasd123sadasd123sadasd123sadasd123sadasd123sadasd123sadasd123sadasd123sadasd123sadasd123sadasd123sadasd123sadasd123sadasd123sadasd123sadasd123sadasd123sadasd123sadasd123sadasd', '2016-03-09 17:11:07', '2016-03-09 17:11:07', 234, 2, 0);

-- --------------------------------------------------------

--
-- Структура таблицы `resume_city`
--

CREATE TABLE `resume_city` (
  `id` int(10) UNSIGNED NOT NULL,
  `resume_id` int(11) NOT NULL,
  `city_id` int(11) NOT NULL,
  `created_at` timestamp NOT NULL DEFAULT '0000-00-00 00:00:00',
  `updated_at` timestamp NOT NULL DEFAULT '0000-00-00 00:00:00'
) ENGINE=InnoDB DEFAULT CHARSET=utf8 COLLATE=utf8_unicode_ci;

-- --------------------------------------------------------

--
-- Структура таблицы `users`
--

CREATE TABLE `users` (
  `id` int(10) UNSIGNED NOT NULL,
  `name` varchar(255) COLLATE utf8_unicode_ci NOT NULL,
  `email` varchar(255) COLLATE utf8_unicode_ci NOT NULL,
  `password` varchar(60) COLLATE utf8_unicode_ci NOT NULL,
  `remember_token` varchar(100) COLLATE utf8_unicode_ci DEFAULT NULL,
  `created_at` timestamp NOT NULL DEFAULT '0000-00-00 00:00:00',
  `updated_at` timestamp NOT NULL DEFAULT '0000-00-00 00:00:00'
) ENGINE=InnoDB DEFAULT CHARSET=utf8 COLLATE=utf8_unicode_ci;

--
-- Дамп данных таблицы `users`
--

INSERT INTO `users` (`id`, `name`, `email`, `password`, `remember_token`, `created_at`, `updated_at`) VALUES
(1, 'Viki Тестер', '33sorey44@gmail.com', '$2y$10$PwiFjCmm7CDP5npCIe1n3uGQ1gskGmYKaaJCA3rrv.8JFkZa1bgC6', 'TMH4MrUkqWE6mOfJo1C72i45AQWxtruuechrNB0NfoyUQnI1loPMUiO7rCfP', '2015-10-15 11:06:22', '2016-03-13 19:20:34'),
(2, 'Natali Тестер', 'natasha-badora@yandex.ru', '$2y$10$FUcqhkInC9aHhu8LpFY7COiawE8KOvyUPfR3apDWSeEYvJngaCmjO', '100gKBSzYY9IiW9u6ruCCZU3f3zAsOZsjmIfMuuMEOUB1rXUhkRoQOY34VXY', '2015-10-15 11:06:22', '2016-03-13 19:54:05'),
(3, 'Sorey Програмер', 'neo.vsmu@gmail.com', '$2y$10$/1YDFEi581fUVPLxGzlLH.vMvWQ9qQQSCb1pUWg1LpUDDG8B5q80W', NULL, '2015-10-15 11:06:23', '2015-10-15 11:06:23'),
(4, 'Ирина', 'vasya.vn@xn--ukr-eedaaaaaaaaaaa.net', '$2y$10$Ch6XK.stSJ/uknve0zTdD.nAHq.NCtKVVgK50rJwXIt5chY8hvcQG', 'nBYLkEPw9FXUr1KXAybxPXFw0M2vaelXStKtxJsY3L467xQs6guK0AZBs1Ms', '2015-10-15 12:11:01', '2015-10-15 12:11:09'),
(5, 'Valeo', 'ttka.vn@ukr.net', '$2y$10$Bs4vIcm7r4n9.gwgoVTuh.6YO2p6tN5/bEPZ1yz4IOz7KcnQtVtFC', 'VZiKRKsZ46Zb6FuOxHGZG5m3DM8SDaLWCzXOu1ldnKSmdxFefttElcUT82w3', '2015-10-15 12:15:06', '2015-10-15 12:15:11'),
(6, 'ИРИНА', '123@MAIL.RU', '$2y$10$fZ.07xw161c80H71ZQh6ROXwJ8oldLz/aKiZXDVuDQJas2kEIo3oG', 'Fyik8LI0sGlvW5wgTJ3dydhh8dhY1yOG6NzcTyWr7ZynCJJmfSBfPie0Q39z', '2015-10-15 12:26:53', '2015-10-15 12:26:58'),
(7, 'Руслан', 'ruslan.vihristyuk@rambler.ru', '$2y$10$9ftJ6GBWzxfJSVOrK0v91uNsWSlPOTJoPOAjwA5nLTD4QC0g6p8me', '9GtGtLAHpHD3dA3LC9F6S0jDFH9pjQnloRINp6QcKF9AJ5BQHBRj7EiwyL4y', '2015-10-15 12:28:49', '2015-10-15 12:28:54'),
(8, 'Руслан', 'rusn.vihristyuk@rambler.ru', '$2y$10$6qgcQGNhTQhksuV2tma3feHCZuwhuLhqkH5rwRV4S31r4rADd9GeW', 'zmHoADpWx3rWLGKTWsoszLwQT2Sn6rbNGsnyg3ezeebhUUEFJGk9RZcNN1Wt', '2015-10-15 12:29:22', '2015-10-15 12:29:27'),
(9, 'Руслан', 'RER@RAMBLER.RU', '$2y$10$5DlsP6C5Nzv6vk5Cpoc6EO9p/51r40xBCFROI0/p49tYR7.nf/M32', 'qw9zrBgvo3Fc2AfOhnAPK0Wtf2rTBIArcyQeZPtTwfb4wZPQjL0bq1DnY1HX', '2015-10-15 12:58:43', '2015-10-15 12:58:48'),
(10, 'Арсен', 'teren_super1@i.ua', '$2y$10$gAygDkK94bWMkSa1D7jF3.Lz2wsBZNOu.pK.z2Awy4GPerNEUCXQ.', 'PARzjdFtP8eFwY2LmnRBvnt4eyxETSsCRptcJmgEpjFwEfOFpRAcTXZYAcpd', '2015-10-15 13:01:25', '2015-11-10 14:13:31'),
(11, 'Єгор', 'ruslan.vn@ukr.net', '$2y$10$XtPRjstYCboY1mafqKJvBu4kYs/4xYJNjza.zSRZKRoFGxx2SVc3a', '46H79ftLF2Q1AjeMb5S3Kpl3YxVIJz2J1bwWDPlq2n1VixpxvghlJZxj9fx6', '2015-10-16 14:47:56', '2015-10-16 14:53:35'),
(12, 'Алекс', 'maksimo.vin@rambler.ru', '$2y$10$AkAVYBU8U/mbflpKtqT0ceRDJKaTwwKAlNpR09opKdB6nv/QxoEwa', 'glGMKx7uNlul2MNyiCpXS0nLNZlDp0mzHfgLiPFO8q9vB5OhWCMQzU5i9L0G', '2015-10-17 12:04:45', '2015-10-17 12:17:22'),
(13, 'Roman', 'romcom77@gmail.com', '$2y$10$IfUcGqOrfKzxpavphOVZfOJs46uYvxfLrpRMFRr9SyipGHYGO5e8u', 'X181dDfnrnMF5hiOapwzjT0bhtJICFiZYevwwE8vXYGHltOafnmGePrijRI3', '2015-10-20 15:35:34', '2015-10-20 21:57:23'),
(14, 'Ирина', 'teren_r1@i.ua', '$2y$10$hjwhVB563nOR0SKyv0b9qOad8euNau6qB1CJp.LPNNJQodpDN7ngy', 'nZIcgkItVl7SGStnxMEXTt8MIshaZgIXZgRREElPmTDFHYos2jjp2XgMTWns', '2015-10-21 11:30:10', '2015-10-21 11:31:38'),
(15, 'Татьяна ', 'tatyana@ukr.net', '$2y$10$LVfj5T6vabAVZUH25SKH5.hbFejeS5HJ5s7y6Hf0DBIPSptqoBry6', 'TTKuTUpFgBNTCGAJDCtoszxb1ylYJNIrK1JTp2Yw7aEMXPmiPeeNkM5nxO7L', '2015-10-27 09:55:24', '2015-11-04 20:15:03'),
(16, 'Руслан', 'rerere222@i.ua', '$2y$10$rCwj3C3rWjgMmRFQmrvfceGlBwUKO45BPTsuBZ0zJsAh0pBSAwmJa', 'mXMhhuTBaYtBH3JYbuOCxCK9P1smU93KQ9Qzq93o3MUCHv5R1TYAPHvbZj9Y', '2015-10-27 10:43:52', '2015-10-27 10:43:56'),
(17, 'вікторія', 'zaburanna22@gmail.com', '$2y$10$N/3VSzmRBzTTzh1zVaOYTuayUyYV.OnPXlU0vKdE9/bT4TdyrtOFe', 'YmiYHpDPMEmzOWQQ0fMBgzzHaXypxQ2kjCz4nL25Ft6eFp9mJdsUEr3OiHHz', '2015-10-29 18:33:46', '2015-11-10 19:01:21'),
(18, 'Татьяна ', 'maksimova.vin@rambler.ru', '$2y$10$OtDt9xpxlYA1BY4UTmd0YOkufuOoXA81erMolWrgHAKSlaSUeeTHy', 'kVfsEiyOOvUI3YPrkM3seLKNL7o9RltlGVZVC39lK2zNNsJOmKdPG3d5J5zg', '2015-10-30 15:43:04', '2015-12-01 22:20:55'),
(19, 'Татьяна', 'tatue@ukr.net', '$2y$10$Led3uGjPYNUAlVf4tslYWOsg6GX/pj5TSFIFN7hn1zkEwn0Mpyvta', 'OdBHFrIe37wRjTB3AQdNoW0JvKWh8qhXBdlqOrPRNDyPfSrbg30RNAPWAGa0', '2015-11-02 10:14:31', '2015-11-02 10:18:29'),
(20, 'Маруся', 'tatya@ukr.net', '$2y$10$5axRGvm5fm5KmKxWtlgPe.VNuXUVnicxTrSEGuZfQkZNJozN5nnZy', 'HO4nwe2wiaBq7jAXgZBoTY5AwbSOyLxAYnq7InlyLnIJyqUuyAm7HlPCXMrE', '2015-11-02 10:22:32', '2015-11-02 11:15:24'),
(21, 'Татьяна', 'tatyan11a@ukr.net', '$2y$10$WZCQxsipasu8Hqx1RT7OBuUVsDxKsLbZ0uOUN5GYVRNqXZQOG80Vi', 'RcQojByQJIwd2jsQWiLLgZ6u6cESe5jr1JkbIXzmlT77pHfm7bTLCxSGMf9E', '2015-11-10 13:51:18', '2015-11-10 14:01:16'),
(22, 'Басилевз', 'warriorhonor1@gmail.com', '$2y$10$nYqsUAkIP7vq.d/v2dlnLOsfuG4LOAYyHs0VJbcPg3eNaN5dKoidS', NULL, '2015-11-28 16:12:48', '2015-11-28 16:12:48'),
(23, 'sergic', 'sergicww@i.ua', '$2y$10$FUcqhkInC9aHhu8LpFY7COiawE8KOvyUPfR3apDWSeEYvJngaCmjO', '4RNr0wuMFgGZLMtFlVGVAN28t2aDxroLlLLD220yR4Drxy2NYsq9cQgLfPN3', '2016-03-08 14:34:11', '2016-03-08 14:35:24');

-- --------------------------------------------------------

--
-- Структура таблицы `vacancies`
--

CREATE TABLE `vacancies` (
  `id` int(10) UNSIGNED NOT NULL,
  `position` varchar(255) COLLATE utf8_unicode_ci NOT NULL,
  `company_id` int(10) UNSIGNED NOT NULL,
  `branch` varchar(255) COLLATE utf8_unicode_ci NOT NULL,
  `date_field` date NOT NULL,
  `salary` int(11) NOT NULL,
  `description` mediumtext COLLATE utf8_unicode_ci NOT NULL,
  `user_email` varchar(255) COLLATE utf8_unicode_ci NOT NULL,
  `remember_token` varchar(100) COLLATE utf8_unicode_ci DEFAULT NULL,
  `created_at` timestamp NOT NULL DEFAULT '0000-00-00 00:00:00',
  `updated_at` timestamp NOT NULL DEFAULT '0000-00-00 00:00:00',
  `salary_max` int(11) DEFAULT NULL,
  `currency_id` int(11) NOT NULL DEFAULT '0',
  `vacancyAllUkraine` tinyint(1) NOT NULL
) ENGINE=InnoDB DEFAULT CHARSET=utf8 COLLATE=utf8_unicode_ci;

--
-- Дамп данных таблицы `vacancies`
--

INSERT INTO `vacancies` (`id`, `position`, `company_id`, `branch`, `date_field`, `salary`, `description`, `user_email`, `remember_token`, `created_at`, `updated_at`, `salary_max`, `currency_id`, `vacancyAllUkraine`) VALUES
(1, 'Бухгалтер', 1, '27', '2015-10-15', 10000, 'Бухгалтер  bla-bla-bla Зарплата:10000', '', NULL, '2015-10-15 11:06:20', '2015-10-15 11:06:20', 60000, 1, 0),
(2, 'Фермер', 3, '27', '2015-10-15', 12000, 'Фермер  bla-bla-bla Зарплата:12000', '', NULL, '2015-10-15 11:06:20', '2015-10-15 11:06:20', 60000, 1, 0),
(3, 'Касир', 2, '27', '2015-10-15', 5000, 'Касир  bla-bla-bla Зарплата:5000', '', NULL, '2015-10-15 11:06:20', '2015-10-15 11:06:20', 60000, 1, 0),
(4, 'Програміст', 3, '27', '2015-10-15', 25000, 'Програміст  bla-bla-bla Зарплата:25000', '', NULL, '2015-10-15 11:06:20', '2015-10-15 11:06:20', 60000, 1, 0),
(5, 'Бухгалтер', 1, '27', '2015-10-15', 10000, 'Бухгалтер  bla-bla-bla Зарплата:10000', '', NULL, '2015-10-15 11:06:20', '2015-10-15 11:06:20', 60000, 1, 0),
(6, 'Бухгалтер', 1, '27', '2015-10-15', 10000, 'Бухгалтер  bla-bla-bla Зарплата:10000', '', NULL, '2015-10-15 11:06:20', '2015-10-15 11:06:20', 60000, 1, 0),
(7, 'Касир', 2, '27', '2015-10-15', 5000, 'Касир  bla-bla-bla Зарплата:5000', '', NULL, '2015-10-15 11:06:20', '2015-10-15 11:06:20', 60000, 1, 0),
(8, 'Програміст', 3, '27', '2015-10-15', 25000, 'Програміст  bla-bla-bla Зарплата:25000', '', NULL, '2015-10-15 11:06:20', '2015-10-15 11:06:20', 60000, 1, 0),
(9, 'Менеджер', 3, '27', '2015-10-15', 8000, 'Менеджер  bla-bla-bla Зарплата:8000', '', NULL, '2015-10-15 11:06:21', '2015-10-15 11:06:21', 60000, 1, 0),
(10, 'Фермер', 3, '27', '2015-10-15', 12000, 'Фермер  bla-bla-bla Зарплата:12000', '', NULL, '2015-10-15 11:06:21', '2015-10-15 11:06:21', 60000, 1, 0),
(11, 'Програміст', 3, '27', '2015-10-15', 25000, 'Програміст  bla-bla-bla Зарплата:25000', '', NULL, '2015-10-15 11:06:21', '2015-10-15 11:06:21', 60000, 1, 0),
(12, 'Менеджер', 3, '27', '2015-10-15', 8000, 'Менеджер  bla-bla-bla Зарплата:8000', '', NULL, '2015-10-15 11:06:21', '2015-10-15 11:06:21', 60000, 1, 0),
(13, 'Бухгалтер', 1, '27', '2015-10-15', 10000, 'Бухгалтер  bla-bla-bla Зарплата:10000', '', NULL, '2015-10-15 11:06:21', '2015-10-15 11:06:21', 60000, 1, 0),
(14, 'Програміст', 3, '27', '2015-10-15', 25000, 'Програміст  bla-bla-bla Зарплата:25000', '', NULL, '2015-10-15 11:06:21', '2015-10-15 11:06:21', 60000, 1, 0),
(15, 'Фермер', 3, '27', '2015-10-15', 12000, 'Фермер  bla-bla-bla Зарплата:12000', '', NULL, '2015-10-15 11:06:21', '2015-10-15 11:06:21', 60000, 1, 0),
(16, 'Касир', 2, '27', '2015-10-15', 5000, 'Касир  bla-bla-bla Зарплата:5000', '', NULL, '2015-10-15 11:06:21', '2015-10-15 11:06:21', 60000, 1, 0),
(17, 'Касир', 2, '27', '2015-10-15', 5000, 'Касир  bla-bla-bla Зарплата:5000', '', NULL, '2015-10-15 11:06:21', '2015-10-15 11:06:21', 60000, 1, 0),
(18, 'Програміст', 3, '27', '2015-10-15', 25000, 'Програміст  bla-bla-bla Зарплата:25000', '', NULL, '2015-10-15 11:06:21', '2015-10-15 11:06:21', 60000, 1, 0),
(19, 'Касир', 2, '27', '2015-10-15', 5000, 'Касир  bla-bla-bla Зарплата:5000', '', NULL, '2015-10-15 11:06:21', '2015-10-15 11:06:21', 60000, 1, 0),
(20, 'Бухгалтер', 1, '27', '2015-10-15', 10000, 'Бухгалтер  bla-bla-bla Зарплата:10000', '', NULL, '2015-10-15 11:06:21', '2015-10-15 11:06:21', 60000, 1, 0),
(21, 'Фермер', 3, '27', '2015-10-15', 12000, 'Фермер  bla-bla-bla Зарплата:12000', '', NULL, '2015-10-15 11:06:21', '2015-10-15 11:06:21', 60000, 1, 0),
(22, 'Менеджер', 3, '27', '2015-10-15', 8000, 'Менеджер  bla-bla-bla Зарплата:8000', '', NULL, '2015-10-15 11:06:21', '2015-10-15 11:06:21', 60000, 1, 0),
(23, 'Програміст', 3, '27', '2015-10-15', 25000, 'Програміст  bla-bla-bla Зарплата:25000', '', NULL, '2015-10-15 11:06:21', '2015-10-15 11:06:21', 60000, 1, 0),
(24, 'Менеджер', 3, '27', '2015-10-15', 8000, 'Менеджер  bla-bla-bla Зарплата:8000', '', NULL, '2015-10-15 11:06:21', '2015-10-15 11:06:21', 60000, 1, 0),
(25, 'Касир', 2, '27', '2015-10-15', 5000, 'Касир  bla-bla-bla Зарплата:5000', '', NULL, '2015-10-15 11:06:21', '2015-10-15 11:06:21', 60000, 1, 0),
(26, 'Бухгалтер', 1, '27', '2015-10-15', 10000, 'Бухгалтер  bla-bla-bla Зарплата:10000', '', NULL, '2015-10-15 11:06:21', '2015-10-15 11:06:21', 60000, 1, 0),
(27, 'Програміст', 3, '27', '2015-10-15', 25000, 'Програміст  bla-bla-bla Зарплата:25000', '', NULL, '2015-10-15 11:06:21', '2015-10-15 11:06:21', 60000, 1, 0),
(28, 'Бухгалтер', 1, '27', '2015-10-15', 10000, 'Бухгалтер  bla-bla-bla Зарплата:10000', '', NULL, '2015-10-15 11:06:21', '2015-10-15 11:06:21', 60000, 1, 0),
(29, 'Менеджер', 3, '27', '2015-10-15', 8000, 'Менеджер  bla-bla-bla Зарплата:8000', '', NULL, '2015-10-15 11:06:21', '2015-10-15 11:06:21', 60000, 1, 0),
(30, 'Фермер', 3, '27', '2015-10-15', 12000, 'Фермер  bla-bla-bla Зарплата:12000', '', NULL, '2015-10-15 11:06:21', '2015-10-15 11:06:21', 60000, 1, 0),
(31, 'Програміст', 3, '27', '2015-10-15', 25000, 'Програміст  bla-bla-bla Зарплата:25000', '', NULL, '2015-10-15 11:06:21', '2015-10-15 11:06:21', 60000, 1, 0),
(32, 'Менеджер', 3, '27', '2015-10-15', 8000, 'Менеджер  bla-bla-bla Зарплата:8000', '', NULL, '2015-10-15 11:06:21', '2015-10-15 11:06:21', 60000, 1, 0),
(33, 'Касир', 2, '27', '2015-10-15', 5000, 'Касир  bla-bla-bla Зарплата:5000', '', NULL, '2015-10-15 11:06:21', '2015-10-15 11:06:21', 60000, 1, 0),
(34, 'Бухгалтер', 1, '27', '2015-10-15', 10000, 'Бухгалтер  bla-bla-bla Зарплата:10000', '', NULL, '2015-10-15 11:06:21', '2015-10-15 11:06:21', 60000, 1, 0),
(35, 'Менеджер', 3, '27', '2015-10-15', 8000, 'Менеджер  bla-bla-bla Зарплата:8000', '', NULL, '2015-10-15 11:06:21', '2015-10-15 11:06:21', 60000, 1, 0),
(36, 'Касир', 2, '27', '2015-10-15', 5000, 'Касир  bla-bla-bla Зарплата:5000', '', NULL, '2015-10-15 11:06:21', '2015-10-15 11:06:21', 60000, 1, 0),
(37, 'Касир', 2, '27', '2015-10-15', 5000, 'Касир  bla-bla-bla Зарплата:5000', '', NULL, '2015-10-15 11:06:21', '2015-10-15 11:06:21', 60000, 1, 0),
(38, 'Програміст', 3, '27', '2015-10-15', 25000, 'Програміст  bla-bla-bla Зарплата:25000', '', NULL, '2015-10-15 11:06:21', '2015-10-15 11:06:21', 60000, 1, 0),
(39, 'Касир', 2, '27', '2015-10-15', 5000, 'Касир  bla-bla-bla Зарплата:5000', '', NULL, '2015-10-15 11:06:21', '2015-10-15 11:06:21', 60000, 1, 0),
(40, 'Фермер', 3, '27', '2015-10-15', 12000, 'Фермер  bla-bla-bla Зарплата:12000', '', NULL, '2015-10-15 11:06:21', '2015-10-15 11:06:21', 60000, 1, 0),
(41, 'Менеджер', 3, '27', '2015-10-15', 8000, 'Менеджер  bla-bla-bla Зарплата:8000', '', NULL, '2015-10-15 11:06:21', '2015-10-15 11:06:21', 60000, 1, 0),
(42, 'Касир', 2, '27', '2015-10-15', 5000, 'Касир  bla-bla-bla Зарплата:5000', '', NULL, '2015-10-15 11:06:21', '2015-10-15 11:06:21', 60000, 1, 0),
(43, 'Касир', 2, '27', '2015-10-15', 5000, 'Касир  bla-bla-bla Зарплата:5000', '', NULL, '2015-10-15 11:06:21', '2015-10-15 11:06:21', 60000, 1, 0),
(44, 'Фермер', 3, '27', '2015-10-15', 12000, 'Фермер  bla-bla-bla Зарплата:12000', '', NULL, '2015-10-15 11:06:21', '2015-10-15 11:06:21', 60000, 1, 0),
(45, 'Бухгалтер', 1, '27', '2015-10-15', 10000, 'Бухгалтер  bla-bla-bla Зарплата:10000', '', NULL, '2015-10-15 11:06:21', '2015-10-15 11:06:21', 60000, 1, 0),
(46, 'Програміст', 3, '27', '2015-10-15', 25000, 'Програміст  bla-bla-bla Зарплата:25000', '', NULL, '2015-10-15 11:06:21', '2015-10-15 11:06:21', 60000, 1, 0),
(47, 'Програміст', 3, '27', '2015-10-15', 25000, 'Програміст  bla-bla-bla Зарплата:25000', '', NULL, '2015-10-15 11:06:21', '2015-10-15 11:06:21', 60000, 1, 0),
(48, 'Менеджер', 3, '27', '2015-10-15', 8000, 'Менеджер  bla-bla-bla Зарплата:8000', '', NULL, '2015-10-15 11:06:21', '2015-10-15 11:06:21', 60000, 1, 0),
(49, 'Фермер', 3, '27', '2015-10-15', 12000, 'Фермер  bla-bla-bla Зарплата:12000', '', NULL, '2015-10-15 11:06:21', '2015-10-15 11:06:21', 60000, 1, 0),
(50, 'Касир', 2, '27', '2015-10-15', 5000, 'Касир  bla-bla-bla Зарплата:5000', '', NULL, '2015-10-15 11:06:21', '2015-10-15 11:06:21', 60000, 1, 0),
(51, 'Менеджер', 3, '27', '2015-10-15', 8000, 'Менеджер  bla-bla-bla Зарплата:8000', '', NULL, '2015-10-15 11:06:21', '2015-10-15 11:06:21', 60000, 1, 0),
(52, 'Менеджер', 3, '27', '2015-10-15', 8000, 'Менеджер  bla-bla-bla Зарплата:8000', '', NULL, '2015-10-15 11:06:21', '2015-10-15 11:06:21', 60000, 1, 0),
(53, 'Програміст', 3, '27', '2015-10-15', 25000, 'Програміст  bla-bla-bla Зарплата:25000', '', NULL, '2015-10-15 11:06:21', '2015-10-15 11:06:21', 60000, 1, 0),
(54, 'Касир', 2, '27', '2015-10-15', 5000, 'Касир  bla-bla-bla Зарплата:5000', '', NULL, '2015-10-15 11:06:21', '2015-10-15 11:06:21', 60000, 1, 0),
(55, 'Бухгалтер', 1, '3', '2015-10-15', 10000, 'Бухгалтер  bla-bla-bla Зарплата:10000', '', NULL, '2015-10-15 11:06:21', '2015-10-15 11:06:21', 60000, 1, 0),
(56, 'Касир', 2, '2', '2015-10-15', 5000, 'Касир  bla-bla-bla Зарплата:5000', '', NULL, '2015-10-15 11:06:21', '2015-10-15 11:06:21', 60000, 1, 0),
(57, 'Бухгалтер', 1, '23', '2015-10-15', 10000, 'Бухгалтер  bla-bla-bla Зарплата:10000', '', NULL, '2015-10-15 11:06:21', '2015-10-15 11:06:21', 60000, 1, 0),
(58, 'Фермер', 3, '2', '2015-10-15', 12000, 'Фермер  bla-bla-bla Зарплата:12000', '', NULL, '2015-10-15 11:06:21', '2015-10-15 11:06:21', 60000, 1, 0),
(59, 'Менеджер', 3, '1', '2015-10-15', 8000, 'Менеджер  bla-bla-bla Зарплата:8000', '', NULL, '2015-10-15 11:06:21', '2015-10-15 11:06:21', 60000, 1, 0),
(60, 'Касир', 2, '25', '2015-10-15', 5000, 'Касир  bla-bla-bla Зарплата:5000', '', NULL, '2015-10-15 11:06:21', '2015-10-15 11:06:21', 60000, 1, 0),
(61, 'Менеджер', 3, '15', '2015-10-15', 8000, 'Менеджер  bla-bla-bla Зарплата:8000', '', NULL, '2015-10-15 11:06:21', '2015-10-15 11:06:21', 60000, 1, 0),
(62, 'Фермер', 3, '18', '2015-10-15', 12000, 'Фермер  bla-bla-bla Зарплата:12000', '', NULL, '2015-10-15 11:06:21', '2015-10-15 11:06:21', 60000, 1, 0),
(63, 'Касир', 2, '9', '2015-10-15', 5000, 'Касир  bla-bla-bla Зарплата:5000', '', NULL, '2015-10-15 11:06:21', '2015-10-15 11:06:21', 60000, 1, 0),
(64, 'Програміст', 3, '16', '2015-10-15', 25000, 'Програміст  bla-bla-bla Зарплата:25000', '', NULL, '2015-10-15 11:06:21', '2015-10-15 11:06:21', 60000, 1, 0),
(65, 'Бухгалтер', 1, '2', '2015-10-15', 10000, 'Бухгалтер  bla-bla-bla Зарплата:10000', '', NULL, '2015-10-15 11:06:21', '2015-10-15 11:06:21', 60000, 1, 0),
(66, 'Менеджер', 3, '1', '2015-10-15', 8000, 'Менеджер  bla-bla-bla Зарплата:8000', '', NULL, '2015-10-15 11:06:21', '2015-10-15 11:06:21', 60000, 1, 0),
(67, 'Менеджер', 3, '7', '2015-10-15', 8000, 'Менеджер  bla-bla-bla Зарплата:8000', '', NULL, '2015-10-15 11:06:21', '2015-10-15 11:06:21', 60000, 1, 0),
(68, 'Касир', 2, '25', '2015-10-15', 5000, 'Касир  bla-bla-bla Зарплата:5000', '', NULL, '2015-10-15 11:06:21', '2015-10-15 11:06:21', 60000, 1, 0),
(69, 'Фермер', 3, '5', '2015-10-15', 12000, 'Фермер  bla-bla-bla Зарплата:12000', '', NULL, '2015-10-15 11:06:21', '2015-10-15 11:06:21', 60000, 1, 0),
(70, 'Касир', 2, '22', '2015-10-15', 5000, 'Касир  bla-bla-bla Зарплата:5000', '', NULL, '2015-10-15 11:06:21', '2015-10-15 11:06:21', 60000, 1, 0),
(71, 'Касир', 2, '16', '2015-10-15', 5000, 'Касир  bla-bla-bla Зарплата:5000', '', NULL, '2015-10-15 11:06:21', '2015-10-15 11:06:21', 60000, 1, 0),
(72, 'Програміст', 3, '11', '2015-10-15', 25000, 'Програміст  bla-bla-bla Зарплата:25000', '', NULL, '2015-10-15 11:06:21', '2015-10-15 11:06:21', 60000, 1, 0),
(73, 'Менеджер', 3, '17', '2015-10-15', 8000, 'Менеджер  bla-bla-bla Зарплата:8000', '', NULL, '2015-10-15 11:06:21', '2015-10-15 11:06:21', 60000, 1, 0),
(74, 'Менеджер', 3, '23', '2015-10-15', 8000, 'Менеджер  bla-bla-bla Зарплата:8000', '', NULL, '2015-10-15 11:06:22', '2015-10-15 11:06:22', 60000, 1, 0),
(75, 'Фермер', 3, '18', '2015-10-15', 12000, 'Фермер  bla-bla-bla Зарплата:12000', '', NULL, '2015-10-15 11:06:22', '2015-10-15 11:06:22', 60000, 1, 0),
(76, 'Фермер', 3, '2', '2015-10-15', 12000, 'Фермер  bla-bla-bla Зарплата:12000', '', NULL, '2015-10-15 11:06:22', '2015-10-15 11:06:22', 60000, 1, 0),
(77, 'Касир', 2, '15', '2015-10-15', 5000, 'Касир  bla-bla-bla Зарплата:5000', '', NULL, '2015-10-15 11:06:22', '2015-10-15 11:06:22', 60000, 1, 0),
(78, 'Фермер', 3, '16', '2015-10-15', 12000, 'Фермер  bla-bla-bla Зарплата:12000', '', NULL, '2015-10-15 11:06:22', '2015-10-15 11:06:22', 60000, 1, 0),
(79, 'Програміст', 3, '17', '2015-10-15', 25000, 'Програміст  bla-bla-bla Зарплата:25000', '', NULL, '2015-10-15 11:06:22', '2015-10-15 11:06:22', 60000, 1, 0),
(80, 'Бухгалтер', 1, '25', '2015-10-15', 10000, 'Бухгалтер  bla-bla-bla Зарплата:10000', '', NULL, '2015-10-15 11:06:22', '2015-10-15 11:06:22', 60000, 1, 0),
(81, 'Фермер', 3, '18', '2015-10-15', 12000, 'Фермер  bla-bla-bla Зарплата:12000', '', NULL, '2015-10-15 11:06:22', '2015-10-15 11:06:22', 60000, 1, 0),
(82, 'Програміст', 3, '5', '2015-10-15', 25000, 'Програміст  bla-bla-bla Зарплата:25000', '', NULL, '2015-10-15 11:06:22', '2015-10-15 11:06:22', 60000, 1, 0),
(83, 'Програміст', 3, '10', '2015-10-15', 25000, 'Програміст  bla-bla-bla Зарплата:25000', '', NULL, '2015-10-15 11:06:22', '2015-10-15 11:06:22', 60000, 1, 0),
(84, 'Бухгалтер', 1, '17', '2015-10-15', 10000, 'Бухгалтер  bla-bla-bla Зарплата:10000', '', NULL, '2015-10-15 11:06:22', '2015-10-15 11:06:22', 60000, 1, 0),
(85, 'Менеджер', 3, '9', '2015-10-15', 8000, 'Менеджер  bla-bla-bla Зарплата:8000', '', NULL, '2015-10-15 11:06:22', '2015-10-15 11:06:22', 60000, 1, 0),
(86, 'Менеджер', 3, '21', '2015-10-15', 8000, 'Менеджер  bla-bla-bla Зарплата:8000', '', NULL, '2015-10-15 11:06:22', '2015-10-15 11:06:22', 60000, 1, 0),
(87, 'Програміст', 3, '11', '2015-10-15', 25000, 'Програміст  bla-bla-bla Зарплата:25000', '', NULL, '2015-10-15 11:06:22', '2015-10-15 11:06:22', 60000, 1, 0),
(88, 'Касир', 2, '10', '2015-10-15', 5000, 'Касир  bla-bla-bla Зарплата:5000', '', NULL, '2015-10-15 11:06:22', '2015-10-15 11:06:22', 60000, 1, 0),
(89, 'Бухгалтер', 1, '19', '2015-10-15', 10000, 'Бухгалтер  bla-bla-bla Зарплата:10000', '', NULL, '2015-10-15 11:06:22', '2015-10-15 11:06:22', 60000, 1, 0),
(90, 'Касир', 2, '18', '2015-10-15', 5000, 'Касир  bla-bla-bla Зарплата:5000', '', NULL, '2015-10-15 11:06:22', '2015-10-15 11:06:22', 60000, 1, 0),
(91, 'Касир', 2, '26', '2015-10-15', 5000, 'Касир  bla-bla-bla Зарплата:5000', '', NULL, '2015-10-15 11:06:22', '2015-10-15 11:06:22', 60000, 1, 0),
(92, 'Фермер', 3, '16', '2015-10-15', 12000, 'Фермер  bla-bla-bla Зарплата:12000', '', NULL, '2015-10-15 11:06:22', '2015-10-15 11:06:22', 60000, 1, 0),
(93, 'Менеджер', 3, '13', '2015-10-15', 8000, 'Менеджер  bla-bla-bla Зарплата:8000', '', NULL, '2015-10-15 11:06:22', '2015-10-15 11:06:22', 60000, 1, 0),
(94, 'Касир', 2, '11', '2015-10-15', 5000, 'Касир  bla-bla-bla Зарплата:5000', '', NULL, '2015-10-15 11:06:22', '2015-10-15 11:06:22', 60000, 1, 0),
(95, 'Бухгалтер', 1, '11', '2015-10-15', 10000, 'Бухгалтер  bla-bla-bla Зарплата:10000', '', NULL, '2015-10-15 11:06:22', '2015-10-15 11:06:22', 60000, 1, 0),
(96, 'Касир', 2, '21', '2015-10-15', 5000, 'Касир  bla-bla-bla Зарплата:5000', '', NULL, '2015-10-15 11:06:22', '2015-10-15 11:06:22', 60000, 1, 0),
(97, 'Бухгалтер', 1, '10', '2015-10-15', 10000, 'Бухгалтер  bla-bla-bla Зарплата:10000', '', NULL, '2015-10-15 11:06:22', '2015-10-15 11:06:22', 60000, 1, 0),
(98, 'Програміст', 3, '25', '2015-10-15', 25000, 'Програміст  bla-bla-bla Зарплата:25000', '', NULL, '2015-10-15 11:06:22', '2015-10-15 11:06:22', 60000, 1, 0),
(99, 'Фермер', 3, '1', '2015-10-15', 12000, 'Фермер  bla-bla-bla Зарплата:12000', '', NULL, '2015-10-15 11:06:22', '2015-10-15 11:06:22', 60000, 1, 0),
(100, 'Менеджер', 3, '7', '2015-10-15', 8000, 'Менеджер  bla-bla-bla Зарплата:8000', '', NULL, '2015-10-15 11:06:22', '2015-10-15 11:06:22', 60000, 1, 0),
(101, 'Касир', 2, '2', '2015-10-15', 5000, 'Касир  bla-bla-bla Зарплата:5000', '', NULL, '2015-10-15 11:06:22', '2015-10-15 11:06:22', 60000, 1, 0),
(102, 'Бухгалтер', 1, '7', '2015-10-15', 10000, 'Бухгалтер  bla-bla-bla Зарплата:10000', '', NULL, '2015-10-15 11:06:22', '2015-10-15 11:06:22', 60000, 1, 0),
(103, 'Менеджер', 3, '8', '2015-10-15', 8000, 'Менеджер  bla-bla-bla Зарплата:8000', '', NULL, '2015-10-15 11:06:22', '2015-10-15 11:06:22', 60000, 1, 0),
(104, 'Менеджер', 3, '14', '2015-10-15', 8000, 'Менеджер  bla-bla-bla Зарплата:8000', '', NULL, '2015-10-15 11:06:22', '2015-10-15 11:06:22', 60000, 1, 0),
(105, 'Програміст', 3, '21', '2015-10-15', 25000, 'Програміст  bla-bla-bla Зарплата:25000', '', NULL, '2015-10-15 11:06:22', '2015-10-15 11:06:22', 60000, 1, 0),
(111, 'менеджер', 8, '9', '0000-00-00', 9000, 'досвід роботи маю великий', 'teren_super1@i.ua', NULL, '2015-10-15 19:38:20', '2015-11-10 14:36:30', 60000, 1, 0),
(112, 'Опрол', 3, '9', '0000-00-00', 4567, 'авпарор', 'natasha-badora@yandex.ru', NULL, '2015-10-16 00:23:52', '2015-10-16 00:23:52', 60000, 1, 0),
(113, 'Двапр', 10, '9', '0000-00-00', 4567, 'вапарор', 'natasha-badora@yandex.ru', NULL, '2015-10-16 00:24:25', '2016-03-08 20:25:10', 60000, 2, 0),
(115, 'Викладач', 12, '2', '0000-00-00', 12000, 'Викладати', 'romcom77@gmail.com', NULL, '2015-10-20 15:38:24', '2015-10-20 15:38:24', 60000, 1, 0),
(116, 'Товарознавець', 8, '9', '0000-00-00', 4300, 'Товарознавець з досвідом роботи 5 років.', 'teren_super1@i.ua', NULL, '2015-10-21 12:01:45', '2015-10-21 12:01:45', 60000, 1, 0),
(117, 'Промоутер', 13, '7', '0000-00-00', 100, 'промоутери', 'tatyana@ukr.net', NULL, '2015-10-27 10:21:02', '2015-10-27 10:21:02', 60000, 1, 0),
(118, 'Будівельник', 13, '9', '0000-00-00', 9200, 'будівельник', 'tatyana@ukr.net', NULL, '2015-10-27 10:27:43', '2015-10-31 22:56:43', 60000, 1, 0),
(119, 'Прибиральниця', 16, '19', '0000-00-00', 2500, 'Прибиральниця на повний робочий день.', 'tatya@ukr.net', NULL, '2015-11-02 10:35:39', '2015-11-02 10:35:39', 60000, 1, 0),
(124, 'Продавець', 27, '6', '0000-00-00', 2222, 'віівавмвмамамамсмвмвм', 'zaburanna22@gmail.com', NULL, '2015-11-10 18:51:02', '2015-11-10 18:51:02', 60000, 1, 0),
(126, 'Team Lead', 23, '2', '0000-00-00', 25000, 'амврпрлвоарплвоаоиволт', 'maksimova.vin@rambler.ru', NULL, '2015-12-01 21:31:00', '2015-12-01 21:31:00', 60000, 1, 0);

-- --------------------------------------------------------

--
-- Структура таблицы `vacancy_city`
--

CREATE TABLE `vacancy_city` (
  `id` int(10) UNSIGNED NOT NULL,
  `vacancy_id` int(11) NOT NULL,
  `city_id` int(11) NOT NULL,
  `created_at` timestamp NOT NULL DEFAULT '0000-00-00 00:00:00',
  `updated_at` timestamp NOT NULL DEFAULT '0000-00-00 00:00:00'
) ENGINE=InnoDB DEFAULT CHARSET=utf8 COLLATE=utf8_unicode_ci;

--
-- Дамп данных таблицы `vacancy_city`
--

INSERT INTO `vacancy_city` (`id`, `vacancy_id`, `city_id`, `created_at`, `updated_at`) VALUES
(1, 1, 14, '2015-10-15 11:06:27', '2015-10-15 11:06:27'),
(2, 2, 14, '2015-10-15 11:06:27', '2015-10-15 11:06:27'),
(3, 3, 14, '2015-10-15 11:06:27', '2015-10-15 11:06:27'),
(4, 4, 14, '2015-10-15 11:06:27', '2015-10-15 11:06:27'),
(5, 5, 14, '2015-10-15 11:06:27', '2015-10-15 11:06:27'),
(6, 6, 14, '2015-10-15 11:06:27', '2015-10-15 11:06:27'),
(7, 7, 14, '2015-10-15 11:06:27', '2015-10-15 11:06:27'),
(8, 8, 14, '2015-10-15 11:06:27', '2015-10-15 11:06:27'),
(9, 9, 14, '2015-10-15 11:06:27', '2015-10-15 11:06:27'),
(10, 10, 14, '2015-10-15 11:06:27', '2015-10-15 11:06:27'),
(11, 11, 14, '2015-10-15 11:06:27', '2015-10-15 11:06:27'),
(12, 12, 14, '2015-10-15 11:06:27', '2015-10-15 11:06:27'),
(13, 13, 14, '2015-10-15 11:06:27', '2015-10-15 11:06:27'),
(14, 14, 14, '2015-10-15 11:06:27', '2015-10-15 11:06:27'),
(15, 15, 14, '2015-10-15 11:06:27', '2015-10-15 11:06:27'),
(16, 16, 14, '2015-10-15 11:06:27', '2015-10-15 11:06:27'),
(17, 17, 14, '2015-10-15 11:06:27', '2015-10-15 11:06:27'),
(18, 18, 14, '2015-10-15 11:06:27', '2015-10-15 11:06:27'),
(19, 19, 14, '2015-10-15 11:06:27', '2015-10-15 11:06:27'),
(20, 20, 14, '2015-10-15 11:06:27', '2015-10-15 11:06:27'),
(21, 21, 14, '2015-10-15 11:06:27', '2015-10-15 11:06:27'),
(22, 22, 14, '2015-10-15 11:06:27', '2015-10-15 11:06:27'),
(23, 23, 14, '2015-10-15 11:06:27', '2015-10-15 11:06:27'),
(24, 24, 14, '2015-10-15 11:06:27', '2015-10-15 11:06:27'),
(25, 25, 14, '2015-10-15 11:06:27', '2015-10-15 11:06:27'),
(26, 26, 14, '2015-10-15 11:06:27', '2015-10-15 11:06:27'),
(27, 27, 14, '2015-10-15 11:06:27', '2015-10-15 11:06:27'),
(28, 28, 14, '2015-10-15 11:06:27', '2015-10-15 11:06:27'),
(29, 29, 14, '2015-10-15 11:06:27', '2015-10-15 11:06:27'),
(30, 30, 14, '2015-10-15 11:06:27', '2015-10-15 11:06:27'),
(31, 31, 14, '2015-10-15 11:06:27', '2015-10-15 11:06:27'),
(32, 32, 14, '2015-10-15 11:06:27', '2015-10-15 11:06:27'),
(33, 33, 14, '2015-10-15 11:06:27', '2015-10-15 11:06:27'),
(34, 34, 14, '2015-10-15 11:06:27', '2015-10-15 11:06:27'),
(35, 35, 14, '2015-10-15 11:06:27', '2015-10-15 11:06:27'),
(36, 36, 14, '2015-10-15 11:06:27', '2015-10-15 11:06:27'),
(37, 37, 14, '2015-10-15 11:06:27', '2015-10-15 11:06:27'),
(38, 38, 14, '2015-10-15 11:06:27', '2015-10-15 11:06:27'),
(39, 39, 14, '2015-10-15 11:06:27', '2015-10-15 11:06:27'),
(40, 40, 14, '2015-10-15 11:06:27', '2015-10-15 11:06:27'),
(41, 41, 14, '2015-10-15 11:06:27', '2015-10-15 11:06:27'),
(42, 42, 14, '2015-10-15 11:06:27', '2015-10-15 11:06:27'),
(43, 43, 14, '2015-10-15 11:06:27', '2015-10-15 11:06:27'),
(44, 44, 14, '2015-10-15 11:06:27', '2015-10-15 11:06:27'),
(45, 45, 14, '2015-10-15 11:06:27', '2015-10-15 11:06:27'),
(46, 46, 14, '2015-10-15 11:06:27', '2015-10-15 11:06:27'),
(47, 47, 14, '2015-10-15 11:06:27', '2015-10-15 11:06:27'),
(48, 48, 14, '2015-10-15 11:06:27', '2015-10-15 11:06:27'),
(49, 49, 14, '2015-10-15 11:06:27', '2015-10-15 11:06:27'),
(50, 50, 14, '2015-10-15 11:06:27', '2015-10-15 11:06:27'),
(51, 51, 14, '2015-10-15 11:06:27', '2015-10-15 11:06:27'),
(52, 52, 14, '2015-10-15 11:06:27', '2015-10-15 11:06:27'),
(53, 53, 14, '2015-10-15 11:06:27', '2015-10-15 11:06:27'),
(54, 54, 21, '2015-10-15 11:06:27', '2015-10-15 11:06:27'),
(55, 55, 11, '2015-10-15 11:06:27', '2015-10-15 11:06:27'),
(56, 56, 24, '2015-10-15 11:06:27', '2015-10-15 11:06:27'),
(57, 57, 22, '2015-10-15 11:06:27', '2015-10-15 11:06:27'),
(58, 58, 26, '2015-10-15 11:06:27', '2015-10-15 11:06:27'),
(59, 59, 24, '2015-10-15 11:06:27', '2015-10-15 11:06:27'),
(60, 60, 18, '2015-10-15 11:06:27', '2015-10-15 11:06:27'),
(61, 61, 24, '2015-10-15 11:06:27', '2015-10-15 11:06:27'),
(62, 62, 4, '2015-10-15 11:06:27', '2015-10-15 11:06:27'),
(63, 63, 8, '2015-10-15 11:06:27', '2015-10-15 11:06:27'),
(64, 64, 9, '2015-10-15 11:06:28', '2015-10-15 11:06:28'),
(65, 65, 13, '2015-10-15 11:06:28', '2015-10-15 11:06:28'),
(66, 66, 3, '2015-10-15 11:06:28', '2015-10-15 11:06:28'),
(67, 67, 6, '2015-10-15 11:06:28', '2015-10-15 11:06:28'),
(68, 68, 13, '2015-10-15 11:06:28', '2015-10-15 11:06:28'),
(69, 69, 2, '2015-10-15 11:06:28', '2015-10-15 11:06:28'),
(70, 70, 6, '2015-10-15 11:06:28', '2015-10-15 11:06:28'),
(71, 71, 4, '2015-10-15 11:06:28', '2015-10-15 11:06:28'),
(72, 72, 2, '2015-10-15 11:06:28', '2015-10-15 11:06:28'),
(73, 73, 12, '2015-10-15 11:06:28', '2015-10-15 11:06:28'),
(74, 74, 1, '2015-10-15 11:06:28', '2015-10-15 11:06:28'),
(75, 75, 13, '2015-10-15 11:06:28', '2015-10-15 11:06:28'),
(76, 76, 7, '2015-10-15 11:06:28', '2015-10-15 11:06:28'),
(77, 77, 21, '2015-10-15 11:06:28', '2015-10-15 11:06:28'),
(78, 78, 7, '2015-10-15 11:06:28', '2015-10-15 11:06:28'),
(79, 79, 22, '2015-10-15 11:06:28', '2015-10-15 11:06:28'),
(80, 80, 19, '2015-10-15 11:06:28', '2015-10-15 11:06:28'),
(81, 81, 6, '2015-10-15 11:06:28', '2015-10-15 11:06:28'),
(82, 82, 16, '2015-10-15 11:06:28', '2015-10-15 11:06:28'),
(83, 83, 16, '2015-10-15 11:06:28', '2015-10-15 11:06:28'),
(84, 84, 3, '2015-10-15 11:06:28', '2015-10-15 11:06:28'),
(85, 85, 10, '2015-10-15 11:06:28', '2015-10-15 11:06:28'),
(86, 86, 26, '2015-10-15 11:06:28', '2015-10-15 11:06:28'),
(87, 87, 26, '2015-10-15 11:06:28', '2015-10-15 11:06:28'),
(88, 88, 6, '2015-10-15 11:06:28', '2015-10-15 11:06:28'),
(89, 89, 26, '2015-10-15 11:06:28', '2015-10-15 11:06:28'),
(90, 90, 24, '2015-10-15 11:06:28', '2015-10-15 11:06:28'),
(91, 91, 23, '2015-10-15 11:06:28', '2015-10-15 11:06:28'),
(92, 92, 24, '2015-10-15 11:06:28', '2015-10-15 11:06:28'),
(93, 93, 1, '2015-10-15 11:06:28', '2015-10-15 11:06:28'),
(94, 94, 5, '2015-10-15 11:06:28', '2015-10-15 11:06:28'),
(95, 95, 7, '2015-10-15 11:06:28', '2015-10-15 11:06:28'),
(96, 96, 14, '2015-10-15 11:06:28', '2015-10-15 11:06:28'),
(97, 97, 8, '2015-10-15 11:06:28', '2015-10-15 11:06:28'),
(98, 98, 13, '2015-10-15 11:06:28', '2015-10-15 11:06:28'),
(99, 99, 26, '2015-10-15 11:06:28', '2015-10-15 11:06:28'),
(100, 100, 10, '2015-10-15 11:06:28', '2015-10-15 11:06:28'),
(101, 101, 18, '2015-10-15 11:06:28', '2015-10-15 11:06:28'),
(102, 102, 4, '2015-10-15 11:06:28', '2015-10-15 11:06:28'),
(103, 103, 12, '2015-10-15 11:06:28', '2015-10-15 11:06:28'),
(104, 104, 4, '2015-10-15 11:06:28', '2015-10-15 11:06:28'),
(105, 105, 4, '2015-10-15 11:06:28', '2015-10-15 11:06:28'),
(106, 106, 2, '2015-10-15 13:39:31', '2015-10-15 13:39:31'),
(107, 107, 2, '2015-10-15 13:40:02', '2015-10-15 13:40:02'),
(108, 108, 3, '2015-10-15 14:58:25', '2015-10-15 14:58:25'),
(109, 109, 6, '2015-10-15 14:58:48', '2015-10-15 14:58:48'),
(110, 110, 5, '2015-10-15 15:16:39', '2015-10-15 15:16:39'),
(138, 112, 3, '2015-10-16 00:23:52', '2015-10-16 00:23:52'),
(140, 114, 5, '2015-10-19 09:55:42', '2015-10-19 09:55:42'),
(141, 115, 1, '2015-10-20 15:38:24', '2015-10-20 15:38:24'),
(142, 115, 2, '2015-10-20 15:38:24', '2015-10-20 15:38:24'),
(143, 115, 3, '2015-10-20 15:38:24', '2015-10-20 15:38:24'),
(144, 115, 4, '2015-10-20 15:38:24', '2015-10-20 15:38:24'),
(145, 115, 5, '2015-10-20 15:38:24', '2015-10-20 15:38:24'),
(146, 115, 6, '2015-10-20 15:38:24', '2015-10-20 15:38:24'),
(147, 115, 7, '2015-10-20 15:38:24', '2015-10-20 15:38:24'),
(148, 115, 8, '2015-10-20 15:38:25', '2015-10-20 15:38:25'),
(149, 115, 9, '2015-10-20 15:38:25', '2015-10-20 15:38:25'),
(150, 115, 10, '2015-10-20 15:38:25', '2015-10-20 15:38:25'),
(151, 115, 11, '2015-10-20 15:38:25', '2015-10-20 15:38:25'),
(152, 115, 12, '2015-10-20 15:38:25', '2015-10-20 15:38:25'),
(153, 115, 13, '2015-10-20 15:38:25', '2015-10-20 15:38:25'),
(154, 115, 14, '2015-10-20 15:38:25', '2015-10-20 15:38:25'),
(155, 115, 15, '2015-10-20 15:38:25', '2015-10-20 15:38:25'),
(156, 115, 16, '2015-10-20 15:38:25', '2015-10-20 15:38:25'),
(157, 115, 17, '2015-10-20 15:38:25', '2015-10-20 15:38:25'),
(158, 115, 18, '2015-10-20 15:38:25', '2015-10-20 15:38:25'),
(159, 115, 19, '2015-10-20 15:38:25', '2015-10-20 15:38:25'),
(160, 115, 20, '2015-10-20 15:38:25', '2015-10-20 15:38:25'),
(161, 115, 21, '2015-10-20 15:38:25', '2015-10-20 15:38:25'),
(162, 115, 22, '2015-10-20 15:38:25', '2015-10-20 15:38:25'),
(163, 115, 23, '2015-10-20 15:38:25', '2015-10-20 15:38:25'),
(164, 115, 24, '2015-10-20 15:38:25', '2015-10-20 15:38:25'),
(165, 115, 25, '2015-10-20 15:38:25', '2015-10-20 15:38:25'),
(166, 115, 26, '2015-10-20 15:38:25', '2015-10-20 15:38:25'),
(167, 115, 14, '2015-10-20 15:38:25', '2015-10-20 15:38:25'),
(196, 116, 14, '2015-10-21 12:12:28', '2015-10-21 12:12:28'),
(224, 117, 1, '2015-10-27 10:21:53', '2015-10-27 10:21:53'),
(225, 117, 2, '2015-10-27 10:21:53', '2015-10-27 10:21:53'),
(226, 117, 3, '2015-10-27 10:21:53', '2015-10-27 10:21:53'),
(227, 117, 4, '2015-10-27 10:21:54', '2015-10-27 10:21:54'),
(228, 117, 5, '2015-10-27 10:21:54', '2015-10-27 10:21:54'),
(229, 117, 6, '2015-10-27 10:21:54', '2015-10-27 10:21:54'),
(230, 117, 7, '2015-10-27 10:21:54', '2015-10-27 10:21:54'),
(231, 117, 8, '2015-10-27 10:21:54', '2015-10-27 10:21:54'),
(232, 117, 9, '2015-10-27 10:21:54', '2015-10-27 10:21:54'),
(233, 117, 10, '2015-10-27 10:21:54', '2015-10-27 10:21:54'),
(234, 117, 11, '2015-10-27 10:21:54', '2015-10-27 10:21:54'),
(235, 117, 12, '2015-10-27 10:21:54', '2015-10-27 10:21:54'),
(236, 117, 13, '2015-10-27 10:21:54', '2015-10-27 10:21:54'),
(237, 117, 14, '2015-10-27 10:21:54', '2015-10-27 10:21:54'),
(238, 117, 15, '2015-10-27 10:21:54', '2015-10-27 10:21:54'),
(239, 117, 16, '2015-10-27 10:21:54', '2015-10-27 10:21:54'),
(240, 117, 17, '2015-10-27 10:21:54', '2015-10-27 10:21:54'),
(241, 117, 18, '2015-10-27 10:21:54', '2015-10-27 10:21:54'),
(242, 117, 19, '2015-10-27 10:21:54', '2015-10-27 10:21:54'),
(243, 117, 20, '2015-10-27 10:21:54', '2015-10-27 10:21:54'),
(244, 117, 21, '2015-10-27 10:21:54', '2015-10-27 10:21:54'),
(245, 117, 22, '2015-10-27 10:21:54', '2015-10-27 10:21:54'),
(246, 117, 23, '2015-10-27 10:21:54', '2015-10-27 10:21:54'),
(247, 117, 24, '2015-10-27 10:21:54', '2015-10-27 10:21:54'),
(248, 117, 25, '2015-10-27 10:21:54', '2015-10-27 10:21:54'),
(249, 117, 26, '2015-10-27 10:21:54', '2015-10-27 10:21:54'),
(250, 117, 14, '2015-10-27 10:21:54', '2015-10-27 10:21:54'),
(262, 119, 6, '2015-11-02 10:35:39', '2015-11-02 10:35:39'),
(269, 118, 23, '2015-11-04 20:14:25', '2015-11-04 20:14:25'),
(270, 118, 2, '2015-11-04 20:14:25', '2015-11-04 20:14:25'),
(271, 120, 2, '2015-11-05 11:21:38', '2015-11-05 11:21:38'),
(272, 121, 3, '2015-11-10 12:37:46', '2015-11-10 12:37:46'),
(273, 111, 3, '2015-11-10 14:36:31', '2015-11-10 14:36:31'),
(274, 122, 12, '2015-11-10 14:37:56', '2015-11-10 14:37:56'),
(276, 123, 2, '2015-11-10 15:29:02', '2015-11-10 15:29:02'),
(277, 124, 2, '2015-11-10 18:51:02', '2015-11-10 18:51:02'),
(278, 125, 2, '2015-11-10 19:01:08', '2015-11-10 19:01:08'),
(279, 126, 6, '2015-12-01 21:31:00', '2015-12-01 21:31:00'),
(281, 113, 2, '2016-03-08 20:25:10', '2016-03-08 20:25:10'),
(282, 127, 2, '2016-03-09 17:03:44', '2016-03-09 17:03:44');

--
-- Индексы сохранённых таблиц
--

--
-- Индексы таблицы `company`
--
ALTER TABLE `company`
  ADD PRIMARY KEY (`id`);

--
-- Индексы таблицы `currencies`
--
ALTER TABLE `currencies`
  ADD PRIMARY KEY (`id`);

--
-- Индексы таблицы `industries`
--
ALTER TABLE `industries`
  ADD PRIMARY KEY (`id`);

--
-- Индексы таблицы `password_resets`
--
ALTER TABLE `password_resets`
  ADD KEY `password_resets_email_index` (`email`),
  ADD KEY `password_resets_token_index` (`token`);

--
-- Индексы таблицы `resumes`
--
ALTER TABLE `resumes`
  ADD PRIMARY KEY (`id`);

--
-- Индексы таблицы `resume_city`
--
ALTER TABLE `resume_city`
  ADD PRIMARY KEY (`id`);

--
-- Индексы таблицы `users`
--
ALTER TABLE `users`
  ADD PRIMARY KEY (`id`),
  ADD UNIQUE KEY `users_email_unique` (`email`);

--
-- Индексы таблицы `vacancies`
--
ALTER TABLE `vacancies`
  ADD PRIMARY KEY (`id`),
  ADD KEY `vacancies_company_id_foreign` (`company_id`);

--
-- Индексы таблицы `vacancy_city`
--
ALTER TABLE `vacancy_city`
  ADD PRIMARY KEY (`id`);

--
-- AUTO_INCREMENT для сохранённых таблиц
--

--
-- AUTO_INCREMENT для таблицы `company`
--
ALTER TABLE `company`
  MODIFY `id` int(10) UNSIGNED NOT NULL AUTO_INCREMENT, AUTO_INCREMENT=30;
--
-- AUTO_INCREMENT для таблицы `currencies`
--
ALTER TABLE `currencies`
  MODIFY `id` int(10) UNSIGNED NOT NULL AUTO_INCREMENT, AUTO_INCREMENT=3;
--
-- AUTO_INCREMENT для таблицы `industries`
--
ALTER TABLE `industries`
  MODIFY `id` int(10) UNSIGNED NOT NULL AUTO_INCREMENT, AUTO_INCREMENT=28;
--
-- AUTO_INCREMENT для таблицы `resumes`
--
ALTER TABLE `resumes`
  MODIFY `id` int(10) UNSIGNED NOT NULL AUTO_INCREMENT, AUTO_INCREMENT=122;
--
-- AUTO_INCREMENT для таблицы `resume_city`
--
ALTER TABLE `resume_city`
  MODIFY `id` int(10) UNSIGNED NOT NULL AUTO_INCREMENT;
--
-- AUTO_INCREMENT для таблицы `users`
--
ALTER TABLE `users`
  MODIFY `id` int(10) UNSIGNED NOT NULL AUTO_INCREMENT, AUTO_INCREMENT=24;
--
-- AUTO_INCREMENT для таблицы `vacancies`
--
ALTER TABLE `vacancies`
  MODIFY `id` int(10) UNSIGNED NOT NULL AUTO_INCREMENT, AUTO_INCREMENT=128;
--
-- AUTO_INCREMENT для таблицы `vacancy_city`
--
ALTER TABLE `vacancy_city`
  MODIFY `id` int(10) UNSIGNED NOT NULL AUTO_INCREMENT, AUTO_INCREMENT=283;
--
-- Ограничения внешнего ключа сохраненных таблиц
--

--
-- Ограничения внешнего ключа таблицы `vacancies`
--
ALTER TABLE `vacancies`
  ADD CONSTRAINT `vacancies_company_id_foreign` FOREIGN KEY (`company_id`) REFERENCES `company` (`id`) ON DELETE CASCADE;

/*!40101 SET CHARACTER_SET_CLIENT=@OLD_CHARACTER_SET_CLIENT */;
/*!40101 SET CHARACTER_SET_RESULTS=@OLD_CHARACTER_SET_RESULTS */;
/*!40101 SET COLLATION_CONNECTION=@OLD_COLLATION_CONNECTION */;
