-- phpMyAdmin SQL Dump
-- version 4.5.1
-- http://www.phpmyadmin.net
--
-- Хост: 127.0.0.1
-- Час створення: Бер 05 2016 р., 15:00
-- Версія сервера: 10.1.8-MariaDB
-- Версія PHP: 5.6.14

SET SQL_MODE = "NO_AUTO_VALUE_ON_ZERO";
SET time_zone = "+00:00";


/*!40101 SET @OLD_CHARACTER_SET_CLIENT=@@CHARACTER_SET_CLIENT */;
/*!40101 SET @OLD_CHARACTER_SET_RESULTS=@@CHARACTER_SET_RESULTS */;
/*!40101 SET @OLD_COLLATION_CONNECTION=@@COLLATION_CONNECTION */;
/*!40101 SET NAMES utf8mb4 */;

--
-- База даних: `rm`
--

-- --------------------------------------------------------

--
-- Структура таблиці `cities`
--

CREATE TABLE `cities` (
  `id` int(10) UNSIGNED NOT NULL,
  `name` varchar(255) COLLATE utf8_unicode_ci NOT NULL,
  `created_at` timestamp NOT NULL DEFAULT '0000-00-00 00:00:00',
  `updated_at` timestamp NOT NULL DEFAULT '0000-00-00 00:00:00'
) ENGINE=InnoDB DEFAULT CHARSET=utf8 COLLATE=utf8_unicode_ci;

--
-- Дамп даних таблиці `cities`
--

INSERT INTO `cities` (`id`, `name`, `created_at`, `updated_at`) VALUES
(1, 'Вінниця', '2016-03-05 08:56:15', '2016-03-05 08:56:15'),
(2, 'Дніпропетровськ', '2016-03-05 08:56:15', '2016-03-05 08:56:15'),
(3, 'Донецьк', '2016-03-05 08:56:15', '2016-03-05 08:56:15'),
(4, 'Житомир', '2016-03-05 08:56:15', '2016-03-05 08:56:15'),
(5, 'Запоріжжя', '2016-03-05 08:56:15', '2016-03-05 08:56:15'),
(6, 'Івано-Франківськ', '2016-03-05 08:56:15', '2016-03-05 08:56:15'),
(7, 'Київ', '2016-03-05 08:56:15', '2016-03-05 08:56:15'),
(8, 'Кіровоград', '2016-03-05 08:56:16', '2016-03-05 08:56:16'),
(9, 'Луганськ', '2016-03-05 08:56:16', '2016-03-05 08:56:16'),
(10, 'Луцьк', '2016-03-05 08:56:16', '2016-03-05 08:56:16'),
(11, 'Львів', '2016-03-05 08:56:16', '2016-03-05 08:56:16'),
(12, 'Миколаїв', '2016-03-05 08:56:16', '2016-03-05 08:56:16'),
(13, 'Одеса', '2016-03-05 08:56:16', '2016-03-05 08:56:16'),
(14, 'Полтава', '2016-03-05 08:56:16', '2016-03-05 08:56:16'),
(15, 'Рівне', '2016-03-05 08:56:16', '2016-03-05 08:56:16'),
(16, 'Севастополь', '2016-03-05 08:56:16', '2016-03-05 08:56:16'),
(17, 'Сімферополь', '2016-03-05 08:56:16', '2016-03-05 08:56:16'),
(18, 'Суми', '2016-03-05 08:56:16', '2016-03-05 08:56:16'),
(19, 'Тернопіль', '2016-03-05 08:56:16', '2016-03-05 08:56:16'),
(20, 'Ужгород', '2016-03-05 08:56:16', '2016-03-05 08:56:16'),
(21, 'Харків', '2016-03-05 08:56:16', '2016-03-05 08:56:16'),
(22, 'Херсон', '2016-03-05 08:56:16', '2016-03-05 08:56:16'),
(23, 'Хмельницький', '2016-03-05 08:56:16', '2016-03-05 08:56:16'),
(24, 'Черкаси', '2016-03-05 08:56:16', '2016-03-05 08:56:16'),
(25, 'Чернігів', '2016-03-05 08:56:16', '2016-03-05 08:56:16'),
(26, 'Чернівці', '2016-03-05 08:56:16', '2016-03-05 08:56:16');

-- --------------------------------------------------------

--
-- Структура таблиці `company`
--

CREATE TABLE `company` (
  `id` int(10) UNSIGNED NOT NULL,
  `company_name` varchar(255) COLLATE utf8_unicode_ci NOT NULL,
  `company_email` varchar(255) COLLATE utf8_unicode_ci NOT NULL,
  `users_id` int(11) NOT NULL,
  `remember_token` varchar(100) COLLATE utf8_unicode_ci DEFAULT NULL,
  `created_at` timestamp NOT NULL DEFAULT '0000-00-00 00:00:00',
  `updated_at` timestamp NOT NULL DEFAULT '0000-00-00 00:00:00'
) ENGINE=InnoDB DEFAULT CHARSET=utf8 COLLATE=utf8_unicode_ci;

--
-- Дамп даних таблиці `company`
--

INSERT INTO `company` (`id`, `company_name`, `company_email`, `users_id`, `remember_token`, `created_at`, `updated_at`) VALUES
(1, 'Ciklum', 'http://www.ciklum.com/', 3, NULL, '2016-03-05 08:56:09', '2016-03-05 08:56:09'),
(2, 'Sitecore', 'http://www.sitecore.net/', 1, NULL, '2016-03-05 08:56:09', '2016-03-05 08:56:09'),
(3, 'Epam', 'http://www.epam.com/', 2, NULL, '2016-03-05 08:56:09', '2016-03-05 08:56:09');

-- --------------------------------------------------------

--
-- Структура таблиці `filtervacancies`
--

CREATE TABLE `filtervacancies` (
  `position` varchar(255) COLLATE utf8_unicode_ci NOT NULL,
  `company_id` int(11) NOT NULL,
  `branch` varchar(255) COLLATE utf8_unicode_ci NOT NULL,
  `date_field` date NOT NULL,
  `salary` int(11) NOT NULL,
  `description` mediumtext COLLATE utf8_unicode_ci NOT NULL,
  `user_email` varchar(255) COLLATE utf8_unicode_ci NOT NULL,
  `remember_token` varchar(100) COLLATE utf8_unicode_ci DEFAULT NULL,
  `created_at` timestamp NOT NULL DEFAULT '0000-00-00 00:00:00',
  `updated_at` timestamp NOT NULL DEFAULT '0000-00-00 00:00:00',
  `id` int(11) NOT NULL
) ENGINE=InnoDB DEFAULT CHARSET=utf8 COLLATE=utf8_unicode_ci;

-- --------------------------------------------------------

--
-- Структура таблиці `industries`
--

CREATE TABLE `industries` (
  `id` int(10) UNSIGNED NOT NULL,
  `name` varchar(255) COLLATE utf8_unicode_ci NOT NULL,
  `created_at` timestamp NOT NULL DEFAULT '0000-00-00 00:00:00',
  `updated_at` timestamp NOT NULL DEFAULT '0000-00-00 00:00:00'
) ENGINE=InnoDB DEFAULT CHARSET=utf8 COLLATE=utf8_unicode_ci;

--
-- Дамп даних таблиці `industries`
--

INSERT INTO `industries` (`id`, `name`, `created_at`, `updated_at`) VALUES
(1, 'Торгівля/продаж', '2016-03-05 08:56:16', '2016-03-05 08:56:16'),
(2, 'Інформаційні технології', '2016-03-05 08:56:16', '2016-03-05 08:56:16'),
(3, 'Керівництво/топ-менеджмент', '2016-03-05 08:56:16', '2016-03-05 08:56:16'),
(4, 'Менеджери/керівники середньої ланки', '2016-03-05 08:56:16', '2016-03-05 08:56:16'),
(5, 'Бухгалтерія/банк/фінанси/аудит', '2016-03-05 08:56:16', '2016-03-05 08:56:16'),
(6, 'Офісний персонал/HR', '2016-03-05 08:56:16', '2016-03-05 08:56:16'),
(7, 'Реклама/маркетинг/pr', '2016-03-05 08:56:16', '2016-03-05 08:56:16'),
(8, 'Інженерія/технології', '2016-03-05 08:56:16', '2016-03-05 08:56:16'),
(9, 'Будівництво/архітектура/нерухомість', '2016-03-05 08:56:16', '2016-03-05 08:56:16'),
(10, 'Юриспруденція/страхування/консалтинг', '2016-03-05 08:56:16', '2016-03-05 08:56:16'),
(11, 'Логістика/склад/митниця', '2016-03-05 08:56:16', '2016-03-05 08:56:16'),
(12, 'Транспорт/служба безпеки/охорона', '2016-03-05 08:56:16', '2016-03-05 08:56:16'),
(13, 'Поліграфія/дизайн/оформлення', '2016-03-05 08:56:16', '2016-03-05 08:56:16'),
(14, 'Виробництво/робітничі спеціальності', '2016-03-05 08:56:16', '2016-03-05 08:56:16'),
(15, 'Краса/фітнес/спорт/туризм', '2016-03-05 08:56:16', '2016-03-05 08:56:16'),
(16, 'Мистецтво/розваги/шоу-бізнес', '2016-03-05 08:56:17', '2016-03-05 08:56:17'),
(17, 'Журналістика/редагування/переклади', '2016-03-05 08:56:17', '2016-03-05 08:56:17'),
(18, 'Освіта/наука/виховання', '2016-03-05 08:56:17', '2016-03-05 08:56:17'),
(19, 'Сфера обслуговування/кулінарія/готелі/ресторани', '2016-03-05 08:56:17', '2016-03-05 08:56:17'),
(20, 'Охорона здоров''я/фармацевтика', '2016-03-05 08:56:17', '2016-03-05 08:56:17'),
(21, 'Сільське господарство/переробка с/г продукції', '2016-03-05 08:56:17', '2016-03-05 08:56:17'),
(22, 'Домашній персонал/різноробочі', '2016-03-05 08:56:17', '2016-03-05 08:56:17'),
(23, 'Громадські організації/політичні партії', '2016-03-05 08:56:17', '2016-03-05 08:56:17'),
(24, 'Екологія/охорона навколишнього середовища', '2016-03-05 08:56:17', '2016-03-05 08:56:17'),
(25, 'Соціальна сфера', '2016-03-05 08:56:17', '2016-03-05 08:56:17'),
(26, 'Житлово-комунальне господарство', '2016-03-05 08:56:17', '2016-03-05 08:56:17'),
(27, 'Стажування за кордоном/програми обміну', '2016-03-05 08:56:17', '2016-03-05 08:56:17');

-- --------------------------------------------------------

--
-- Структура таблиці `migrations`
--

CREATE TABLE `migrations` (
  `migration` varchar(255) COLLATE utf8_unicode_ci NOT NULL,
  `batch` int(11) NOT NULL
) ENGINE=InnoDB DEFAULT CHARSET=utf8 COLLATE=utf8_unicode_ci;

--
-- Дамп даних таблиці `migrations`
--

INSERT INTO `migrations` (`migration`, `batch`) VALUES
('2014_10_12_000000_create_users_table', 1),
('2014_10_12_100000_create_password_resets_table', 1),
('2015_06_06_140859_create_userlist_table', 1),
('2015_06_09_174158_create_vacancies_table', 1),
('2015_06_30_075746_create_resumes_table', 1),
('2015_07_10_205531_create_cities_table', 1),
('2015_07_10_210411_create_industries_table', 1),
('2015_08_21_063930_create_vacancy_city_table', 1),
('2015_08_26_082006_create_resume_city_table', 1),
('2015_09_02_094138_create_filter_table', 1),
('2015_09_06_101758_create_answer_table', 1),
('2015_09_06_101854_create_test1_table', 1),
('2015_09_06_102126_create_testPresentation_table', 1),
('2015_09_07_081804_create_user_session_table', 1),
('2016_02_28_104108_add_field_allUkarine_to_tables', 1),
('2016_03_02_190227_salary', 1);

-- --------------------------------------------------------

--
-- Структура таблиці `password_resets`
--

CREATE TABLE `password_resets` (
  `email` varchar(255) COLLATE utf8_unicode_ci NOT NULL,
  `token` varchar(255) COLLATE utf8_unicode_ci NOT NULL,
  `created_at` timestamp NOT NULL DEFAULT '0000-00-00 00:00:00'
) ENGINE=InnoDB DEFAULT CHARSET=utf8 COLLATE=utf8_unicode_ci;

-- --------------------------------------------------------

--
-- Структура таблиці `po_answers`
--

CREATE TABLE `po_answers` (
  `id` int(10) UNSIGNED NOT NULL,
  `testNumber` int(11) NOT NULL,
  `answer` text COLLATE utf8_unicode_ci NOT NULL,
  `value` int(11) NOT NULL,
  `remember_token` varchar(100) COLLATE utf8_unicode_ci DEFAULT NULL,
  `created_at` timestamp NOT NULL DEFAULT '0000-00-00 00:00:00',
  `updated_at` timestamp NOT NULL DEFAULT '0000-00-00 00:00:00',
  `po_user_id` int(11) NOT NULL
) ENGINE=InnoDB DEFAULT CHARSET=utf8 COLLATE=utf8_unicode_ci;

-- --------------------------------------------------------

--
-- Структура таблиці `po_test1`
--

CREATE TABLE `po_test1` (
  `id` int(10) UNSIGNED NOT NULL,
  `text` mediumtext COLLATE utf8_unicode_ci NOT NULL,
  `group` int(11) NOT NULL
) ENGINE=InnoDB DEFAULT CHARSET=utf8 COLLATE=utf8_unicode_ci;

--
-- Дамп даних таблиці `po_test1`
--

INSERT INTO `po_test1` (`id`, `text`, `group`) VALUES
(1, 'У своїх розповідях я люблю "прикрашати" події.', 1),
(2, 'Я не люблю знаходитись серед людей, це мене напружує.', 2),
(3, 'Якщо мені вчинили зло, я зазвичай довго це пам`ятаю.', 3),
(4, 'Мене легко образити.', 4),
(5, 'Мене обурює, коли беруть мої речі або порушують мої законні права.', 5),
(6, 'Мені важко боротися зі своєю роздратованістю.', 6),
(7, 'У мене часто буває піднесений настрій.', 7),
(8, 'Я не вважаю себе людиною, що вміє радувати інших.', 8),
(9, 'Як правило, я довго сумніваюсь і все зважую перед тим, як зробити вибір і прийняти рішення.', 9),
(10, 'Я легко копіюю жести і міміку оточуючих.', 1),
(11, 'В компанії я часто буваю "білою вороною".', 2),
(12, 'Лінивих і недисциплінованих - не люблю. Говорити здатна більшість, а по-справжньому працювати вміють небагато людей.', 3),
(13, 'У мене часто змінюється настрій.', 4),
(14, 'Я не люблю пусті високі мрії і надаю перевагу жити реальним життям. "Краще чоботи почистити...".', 5),
(15, 'Я часто відчуваю втому і загальну слабкість.', 6),
(16, 'Мої друзі дивуються моїй бадьорості і готовності працювати.', 7),
(17, 'Навіть коли я не хворий, почуваю себе недобре.', 8),
(18, 'Я вірю в прикмети: навіть якщо це й смішно, я завжди їх дотримуюсь.', 9),
(19, 'Я люблю фантазувати, складати сцени і розігрувати ролі своїх уявних героїв.', 1),
(20, 'Мене часто непокоїть мо душевна пустота, холодність, нездатність співпереживати близькій людині.', 2),
(21, 'Я знаю, як багато серед людей заздрісних, корисливих і недружелюбних.', 3),
(22, 'Я легко переходжу від сліз до сміху.', 4),
(23, 'Я іноді злюсь так, що втрачаю над собою будь-який контроль.', 5),
(24, 'Я доволі закомплексований і намагаюсь це приховати.', 6),
(25, 'Я люблю спілкування з людьми.', 7),
(26, 'Песиміст - це добре поінформована людина.', 8),
(27, 'Я часто непокоюсь, що зі мною або з моїми близькими щось трапиться.', 9),
(28, 'Я люблю бути в центрі уваги.', 1),
(29, 'Навіть знаходячись в колі людей, я зазвичай почуваю себе відокремленим та самотнім.', 2),
(30, 'Зі мною часто не погоджуються, але врешті решт виявляється, що саме я правий.', 3),
(31, 'Іноді я лягаю спати в гарному настрої, а просинаюсь - в поганому.', 4),
(32, 'Нерідко на мене находить стан, коли до мене краще не підходити: на душі злість та роздратування.', 5),
(33, 'У мене схильність до головного болю.', 6),
(34, 'В житті не існує безвихідних ситуацій, треба лише вірити в перемогу.', 7),
(35, 'Мені часто не щастить, і я до цього уже звик.', 8),
(36, 'Буває, мені важко заснути після того, як я цілий день думав про майбутнє або над якоюсь проблемою.', 9),
(37, 'Я люблю знайомитись з людьми.', 1),
(38, 'Я часто не знаю, про що розмовляти з людиною.', 2),
(39, 'Мене вважають енергійним, цілеспрямованим, що вміє досягати успіхів.', 3),
(40, 'Мої вчинки залежать від настрою.', 4),
(41, 'Можливо, я ревнивий, але зраду не пробачаю, по крайній мірі - в душі.', 5),
(42, 'Я дуже переживаю, коли мені роблять зауваження при людях.', 6),
(43, 'Можливо, я дійсно по життю розкидаюсь, але ж так хочеться спробувати всього!', 7),
(44, 'Зранку мені важко вставати:здається й встав, але потім ще довго почуваю себе в`яло.', 8),
(45, 'Я не можу здати роботу, поки не перевірю і не буду впевненим, що все зробив саме так, як потрібно.', 9),
(46, 'Я легко можу при бажанні ніби вселитися в іншу людину, і відчути те, що відчуває інша людина.', 1),
(47, 'Я часто спостерігаю за подіями та собою зі сторони.', 2),
(48, 'Так, я ревнивий, але нічого не поробиш.', 3),
(49, 'У людях я передусім ціную душевність, щиросердність і теплоту.', 4),
(50, 'Я не люблю давати свої книжки або інші речі, а якщо й даю, то слідкую, щоб їх повернули вчасно і в належному стані.', 5),
(51, 'Коли мені доводиться виступати перед людьми, я сильно хвилююсь і боюсь сказати щось не те чи не так.', 6),
(52, 'Я часто буваю ніби заведений, внутрішньо стурбований і обов`язково повинен щось зробити.', 7),
(53, 'Я іноді помічаю, що час ніби зупиняється і починає текти повільно-повільно.', 8),
(54, 'Іноді до мене прив`язується якась стороння думка, і я кілька днів не можу від неї відволіктись.', 9),
(55, 'Я можу захворіти лише від одних переживань.', 1),
(56, 'Мені часто приходять в голову незвичайні, дивні для оточуючих думки та асоціації.', 2),
(57, 'Нема ворогів у того, хто нічого не робить. У мене вороги є.', 3),
(58, 'Мабуть я м`яка людина, але я завжди слухаюсь свого серця.', 4),
(59, 'Я люблю писати красиво та акуратно.', 5),
(60, 'Я іноді втомлююсь так сильно, що у мене починає крутитися голова.', 6),
(61, 'Якщо трапляються прикрі речі, я про них швидко забуваю.', 7),
(62, 'Мене часто навідує стан апатії, байдужості до усього і навіть до себе самого.', 8),
(63, 'Я не люблю помилятись, і підготовчу чорнову роботу я готую так само старанно, як і основну.', 9),
(64, 'Якщо я захоплююся, то завжди починаю вірити у все, про що кажу.', 1),
(65, 'Іноді у мене виникає відчуття, що все навколо нереальне.', 2),
(66, 'Багатьом не подобається, що я буваю різким та впертим, але майже завжди це справедливо і корисно для справи.', 3),
(67, 'Багато хто вважає мене наївним та занадто вразливим.', 4),
(68, 'Є люди, які мене бояться і хочуть підставити мені підніжку.', 5),
(69, 'Мені не вистачає впевненості у собі.', 6),
(70, 'Часом я багато кажу, і мені складно зупинитись.', 7),
(71, 'Чого в мені немає, так це любові до життя.', 8),
(72, 'Я дуже переживаю, коли не зміг все передбачити і підвів оточуючих.', 9);

-- --------------------------------------------------------

--
-- Структура таблиці `po_testpresentation`
--

CREATE TABLE `po_testpresentation` (
  `id` int(10) UNSIGNED NOT NULL,
  `text` mediumtext COLLATE utf8_unicode_ci NOT NULL
) ENGINE=InnoDB DEFAULT CHARSET=utf8 COLLATE=utf8_unicode_ci;

-- --------------------------------------------------------

--
-- Структура таблиці `po_user_session`
--

CREATE TABLE `po_user_session` (
  `id` int(10) UNSIGNED NOT NULL,
  `username` varchar(255) COLLATE utf8_unicode_ci NOT NULL,
  `password` varchar(255) COLLATE utf8_unicode_ci NOT NULL,
  `sex` tinyint(4) NOT NULL,
  `rm_id` int(11) NOT NULL
) ENGINE=InnoDB DEFAULT CHARSET=utf8 COLLATE=utf8_unicode_ci;

-- --------------------------------------------------------

--
-- Структура таблиці `resumes`
--

CREATE TABLE `resumes` (
  `id` int(10) UNSIGNED NOT NULL,
  `id_u` int(11) NOT NULL,
  `name_u` varchar(255) COLLATE utf8_unicode_ci DEFAULT NULL,
  `telephone` varchar(255) COLLATE utf8_unicode_ci DEFAULT NULL,
  `email` varchar(255) COLLATE utf8_unicode_ci DEFAULT NULL,
  `position` varchar(255) COLLATE utf8_unicode_ci DEFAULT NULL,
  `industry` varchar(255) COLLATE utf8_unicode_ci DEFAULT NULL,
  `city` varchar(255) COLLATE utf8_unicode_ci DEFAULT NULL,
  `salary` int(11) DEFAULT NULL,
  `description` text COLLATE utf8_unicode_ci,
  `created_at` timestamp NOT NULL DEFAULT '0000-00-00 00:00:00',
  `updated_at` timestamp NOT NULL DEFAULT '0000-00-00 00:00:00',
  `resumeAllUkraine` tinyint(1) NOT NULL,
  `salary_max` int(11) NOT NULL,
  `currency` varchar(3) COLLATE utf8_unicode_ci NOT NULL DEFAULT 'UAH'
) ENGINE=InnoDB DEFAULT CHARSET=utf8 COLLATE=utf8_unicode_ci;

--
-- Дамп даних таблиці `resumes`
--

INSERT INTO `resumes` (`id`, `id_u`, `name_u`, `telephone`, `email`, `position`, `industry`, `city`, `salary`, `description`, `created_at`, `updated_at`, `resumeAllUkraine`, `salary_max`, `currency`) VALUES
(1, 2, 'Наталі Тестер', '0963363496', 'natasha-badora@yandex.ru', 'Фермер талантів', '27', '26', 13000, 'Фермер талантів програмного забезпечення. Оплата праці:13000', '2016-03-05 08:56:12', '2016-03-05 08:56:12', 0, 0, 'UAH'),
(2, 1, 'Віккі Тестер', '0963363496', '33sorey44@gmail.com', 'Бухгалтер', '27', '26', 11000, 'Бухгалтер програмного забезпечення. Оплата праці:11000', '2016-03-05 08:56:13', '2016-03-05 08:56:13', 1, 0, 'UAH'),
(3, 3, 'Сергій Програмер', '0963363496', '3sorey4@gmail.com', 'VIP Програміст', '27', '26', 27000, 'VIP Програміст програмного забезпечення. Оплата праці:27000', '2016-03-05 08:56:13', '2016-03-05 08:56:13', 0, 0, 'UAH'),
(4, 2, 'Наталі Тестер', '0963363496', 'natasha-badora@yandex.ru', 'Фермер талантів', '27', '26', 13000, 'Фермер талантів програмного забезпечення. Оплата праці:13000', '2016-03-05 08:56:13', '2016-03-05 08:56:13', 0, 0, 'UAH'),
(5, 1, 'Віккі Тестер', '0963363496', '33sorey44@gmail.com', 'Бухгалтер', '27', '26', 11000, 'Бухгалтер програмного забезпечення. Оплата праці:11000', '2016-03-05 08:56:13', '2016-03-05 08:56:13', 1, 0, 'UAH'),
(6, 1, 'Віккі Тестер', '0963363496', '33sorey44@gmail.com', 'Бухгалтер', '27', '26', 11000, 'Бухгалтер програмного забезпечення. Оплата праці:11000', '2016-03-05 08:56:13', '2016-03-05 08:56:13', 1, 0, 'UAH'),
(7, 3, 'Сергій Програмер', '0963363496', '3sorey4@gmail.com', 'VIP Програміст', '27', '26', 27000, 'VIP Програміст програмного забезпечення. Оплата праці:27000', '2016-03-05 08:56:13', '2016-03-05 08:56:13', 0, 0, 'UAH'),
(8, 3, 'Сергій Програмер', '0963363496', '3sorey4@gmail.com', 'VIP Програміст', '27', '26', 27000, 'VIP Програміст програмного забезпечення. Оплата праці:27000', '2016-03-05 08:56:13', '2016-03-05 08:56:13', 0, 0, 'UAH'),
(9, 1, 'Віккі Тестер', '0963363496', '33sorey44@gmail.com', 'Архітектор', '27', '26', 9000, 'Архітектор програмного забезпечення. Оплата праці:9000', '2016-03-05 08:56:13', '2016-03-05 08:56:13', 1, 0, 'UAH'),
(10, 2, 'Наталі Тестер', '0963363496', 'natasha-badora@yandex.ru', 'Фермер талантів', '27', '26', 13000, 'Фермер талантів програмного забезпечення. Оплата праці:13000', '2016-03-05 08:56:13', '2016-03-05 08:56:13', 0, 0, 'UAH'),
(11, 2, 'Наталі Тестер', '0963363496', 'natasha-badora@yandex.ru', 'Фермер талантів', '27', '26', 13000, 'Фермер талантів програмного забезпечення. Оплата праці:13000', '2016-03-05 08:56:13', '2016-03-05 08:56:13', 0, 0, 'UAH'),
(12, 3, 'Сергій Програмер', '0963363496', '3sorey4@gmail.com', 'VIP Програміст', '27', '26', 27000, 'VIP Програміст програмного забезпечення. Оплата праці:27000', '2016-03-05 08:56:13', '2016-03-05 08:56:13', 0, 0, 'UAH'),
(13, 2, 'Наталі Тестер', '0963363496', 'natasha-badora@yandex.ru', 'Фермер талантів', '27', '26', 13000, 'Фермер талантів програмного забезпечення. Оплата праці:13000', '2016-03-05 08:56:13', '2016-03-05 08:56:13', 0, 0, 'UAH'),
(14, 1, 'Віккі Тестер', '0963363496', '33sorey44@gmail.com', 'Тестер', '27', '26', 6000, 'Тестер програмного забезпечення. Оплата праці:6000', '2016-03-05 08:56:13', '2016-03-05 08:56:13', 1, 0, 'UAH'),
(15, 1, 'Віккі Тестер', '0963363496', '33sorey44@gmail.com', 'Тестер', '27', '26', 6000, 'Тестер програмного забезпечення. Оплата праці:6000', '2016-03-05 08:56:13', '2016-03-05 08:56:13', 1, 0, 'UAH'),
(16, 1, 'Віккі Тестер', '0963363496', '33sorey44@gmail.com', 'Бухгалтер', '27', '26', 11000, 'Бухгалтер програмного забезпечення. Оплата праці:11000', '2016-03-05 08:56:13', '2016-03-05 08:56:13', 1, 0, 'UAH'),
(17, 1, 'Віккі Тестер', '0963363496', '33sorey44@gmail.com', 'Бухгалтер', '27', '26', 11000, 'Бухгалтер програмного забезпечення. Оплата праці:11000', '2016-03-05 08:56:13', '2016-03-05 08:56:13', 1, 0, 'UAH'),
(18, 1, 'Віккі Тестер', '0963363496', '33sorey44@gmail.com', 'Бухгалтер', '27', '26', 11000, 'Бухгалтер програмного забезпечення. Оплата праці:11000', '2016-03-05 08:56:13', '2016-03-05 08:56:13', 1, 0, 'UAH'),
(19, 1, 'Віккі Тестер', '0963363496', '33sorey44@gmail.com', 'Бухгалтер', '27', '26', 11000, 'Бухгалтер програмного забезпечення. Оплата праці:11000', '2016-03-05 08:56:13', '2016-03-05 08:56:13', 1, 0, 'UAH'),
(20, 1, 'Віккі Тестер', '0963363496', '33sorey44@gmail.com', 'Тестер', '27', '26', 6000, 'Тестер програмного забезпечення. Оплата праці:6000', '2016-03-05 08:56:13', '2016-03-05 08:56:13', 1, 0, 'UAH'),
(21, 1, 'Віккі Тестер', '0963363496', '33sorey44@gmail.com', 'Архітектор', '27', '26', 9000, 'Архітектор програмного забезпечення. Оплата праці:9000', '2016-03-05 08:56:13', '2016-03-05 08:56:13', 1, 0, 'UAH'),
(22, 2, 'Наталі Тестер', '0963363496', 'natasha-badora@yandex.ru', 'Фермер талантів', '27', '26', 13000, 'Фермер талантів програмного забезпечення. Оплата праці:13000', '2016-03-05 08:56:13', '2016-03-05 08:56:13', 0, 0, 'UAH'),
(23, 2, 'Наталі Тестер', '0963363496', 'natasha-badora@yandex.ru', 'Фермер талантів', '27', '26', 13000, 'Фермер талантів програмного забезпечення. Оплата праці:13000', '2016-03-05 08:56:13', '2016-03-05 08:56:13', 0, 0, 'UAH'),
(24, 2, 'Наталі Тестер', '0963363496', 'natasha-badora@yandex.ru', 'Фермер талантів', '27', '26', 13000, 'Фермер талантів програмного забезпечення. Оплата праці:13000', '2016-03-05 08:56:13', '2016-03-05 08:56:13', 0, 0, 'UAH'),
(25, 1, 'Віккі Тестер', '0963363496', '33sorey44@gmail.com', 'Бухгалтер', '27', '26', 11000, 'Бухгалтер програмного забезпечення. Оплата праці:11000', '2016-03-05 08:56:13', '2016-03-05 08:56:13', 1, 0, 'UAH'),
(26, 2, 'Наталі Тестер', '0963363496', 'natasha-badora@yandex.ru', 'Фермер талантів', '27', '26', 13000, 'Фермер талантів програмного забезпечення. Оплата праці:13000', '2016-03-05 08:56:13', '2016-03-05 08:56:13', 0, 0, 'UAH'),
(27, 1, 'Віккі Тестер', '0963363496', '33sorey44@gmail.com', 'Бухгалтер', '27', '26', 11000, 'Бухгалтер програмного забезпечення. Оплата праці:11000', '2016-03-05 08:56:13', '2016-03-05 08:56:13', 1, 0, 'UAH'),
(28, 3, 'Сергій Програмер', '0963363496', '3sorey4@gmail.com', 'VIP Програміст', '27', '26', 27000, 'VIP Програміст програмного забезпечення. Оплата праці:27000', '2016-03-05 08:56:13', '2016-03-05 08:56:13', 0, 0, 'UAH'),
(29, 1, 'Віккі Тестер', '0963363496', '33sorey44@gmail.com', 'Тестер', '27', '26', 6000, 'Тестер програмного забезпечення. Оплата праці:6000', '2016-03-05 08:56:13', '2016-03-05 08:56:13', 1, 0, 'UAH'),
(30, 2, 'Наталі Тестер', '0963363496', 'natasha-badora@yandex.ru', 'Фермер талантів', '27', '26', 13000, 'Фермер талантів програмного забезпечення. Оплата праці:13000', '2016-03-05 08:56:13', '2016-03-05 08:56:13', 0, 0, 'UAH'),
(31, 3, 'Сергій Програмер', '0963363496', '3sorey4@gmail.com', 'VIP Програміст', '27', '26', 27000, 'VIP Програміст програмного забезпечення. Оплата праці:27000', '2016-03-05 08:56:13', '2016-03-05 08:56:13', 0, 0, 'UAH'),
(32, 1, 'Віккі Тестер', '0963363496', '33sorey44@gmail.com', 'Бухгалтер', '27', '26', 11000, 'Бухгалтер програмного забезпечення. Оплата праці:11000', '2016-03-05 08:56:13', '2016-03-05 08:56:13', 1, 0, 'UAH'),
(33, 2, 'Наталі Тестер', '0963363496', 'natasha-badora@yandex.ru', 'Фермер талантів', '27', '26', 13000, 'Фермер талантів програмного забезпечення. Оплата праці:13000', '2016-03-05 08:56:13', '2016-03-05 08:56:13', 0, 0, 'UAH'),
(34, 2, 'Наталі Тестер', '0963363496', 'natasha-badora@yandex.ru', 'Фермер талантів', '27', '26', 13000, 'Фермер талантів програмного забезпечення. Оплата праці:13000', '2016-03-05 08:56:13', '2016-03-05 08:56:13', 0, 0, 'UAH'),
(35, 1, 'Віккі Тестер', '0963363496', '33sorey44@gmail.com', 'Архітектор', '27', '26', 9000, 'Архітектор програмного забезпечення. Оплата праці:9000', '2016-03-05 08:56:13', '2016-03-05 08:56:13', 1, 0, 'UAH'),
(36, 1, 'Віккі Тестер', '0963363496', '33sorey44@gmail.com', 'Бухгалтер', '27', '26', 11000, 'Бухгалтер програмного забезпечення. Оплата праці:11000', '2016-03-05 08:56:13', '2016-03-05 08:56:13', 1, 0, 'UAH'),
(37, 2, 'Наталі Тестер', '0963363496', 'natasha-badora@yandex.ru', 'Фермер талантів', '27', '26', 13000, 'Фермер талантів програмного забезпечення. Оплата праці:13000', '2016-03-05 08:56:13', '2016-03-05 08:56:13', 0, 0, 'UAH'),
(38, 1, 'Віккі Тестер', '0963363496', '33sorey44@gmail.com', 'Бухгалтер', '27', '26', 11000, 'Бухгалтер програмного забезпечення. Оплата праці:11000', '2016-03-05 08:56:13', '2016-03-05 08:56:13', 1, 0, 'UAH'),
(39, 3, 'Сергій Програмер', '0963363496', '3sorey4@gmail.com', 'VIP Програміст', '27', '26', 27000, 'VIP Програміст програмного забезпечення. Оплата праці:27000', '2016-03-05 08:56:13', '2016-03-05 08:56:13', 0, 0, 'UAH'),
(40, 1, 'Віккі Тестер', '0963363496', '33sorey44@gmail.com', 'Бухгалтер', '27', '26', 11000, 'Бухгалтер програмного забезпечення. Оплата праці:11000', '2016-03-05 08:56:13', '2016-03-05 08:56:13', 1, 0, 'UAH'),
(41, 1, 'Віккі Тестер', '0963363496', '33sorey44@gmail.com', 'Тестер', '27', '26', 6000, 'Тестер програмного забезпечення. Оплата праці:6000', '2016-03-05 08:56:13', '2016-03-05 08:56:13', 1, 0, 'UAH'),
(42, 1, 'Віккі Тестер', '0963363496', '33sorey44@gmail.com', 'Бухгалтер', '27', '26', 11000, 'Бухгалтер програмного забезпечення. Оплата праці:11000', '2016-03-05 08:56:13', '2016-03-05 08:56:13', 1, 0, 'UAH'),
(43, 2, 'Наталі Тестер', '0963363496', 'natasha-badora@yandex.ru', 'Фермер талантів', '27', '26', 13000, 'Фермер талантів програмного забезпечення. Оплата праці:13000', '2016-03-05 08:56:14', '2016-03-05 08:56:14', 0, 0, 'UAH'),
(44, 3, 'Сергій Програмер', '0963363496', '3sorey4@gmail.com', 'VIP Програміст', '27', '26', 27000, 'VIP Програміст програмного забезпечення. Оплата праці:27000', '2016-03-05 08:56:14', '2016-03-05 08:56:14', 0, 0, 'UAH'),
(45, 2, 'Наталі Тестер', '0963363496', 'natasha-badora@yandex.ru', 'Фермер талантів', '27', '26', 13000, 'Фермер талантів програмного забезпечення. Оплата праці:13000', '2016-03-05 08:56:14', '2016-03-05 08:56:14', 0, 0, 'UAH'),
(46, 3, 'Сергій Програмер', '0963363496', '3sorey4@gmail.com', 'VIP Програміст', '27', '26', 27000, 'VIP Програміст програмного забезпечення. Оплата праці:27000', '2016-03-05 08:56:14', '2016-03-05 08:56:14', 0, 0, 'UAH'),
(47, 1, 'Віккі Тестер', '0963363496', '33sorey44@gmail.com', 'Бухгалтер', '27', '26', 11000, 'Бухгалтер програмного забезпечення. Оплата праці:11000', '2016-03-05 08:56:14', '2016-03-05 08:56:14', 1, 0, 'UAH'),
(48, 2, 'Наталі Тестер', '0963363496', 'natasha-badora@yandex.ru', 'Фермер талантів', '27', '26', 13000, 'Фермер талантів програмного забезпечення. Оплата праці:13000', '2016-03-05 08:56:14', '2016-03-05 08:56:14', 0, 0, 'UAH'),
(49, 2, 'Наталі Тестер', '0963363496', 'natasha-badora@yandex.ru', 'Фермер талантів', '27', '26', 13000, 'Фермер талантів програмного забезпечення. Оплата праці:13000', '2016-03-05 08:56:14', '2016-03-05 08:56:14', 0, 0, 'UAH'),
(50, 2, 'Наталі Тестер', '0963363496', 'natasha-badora@yandex.ru', 'Фермер талантів', '27', '26', 13000, 'Фермер талантів програмного забезпечення. Оплата праці:13000', '2016-03-05 08:56:14', '2016-03-05 08:56:14', 0, 0, 'UAH'),
(51, 3, 'Сергій Програмер', '0963363496', '3sorey4@gmail.com', 'VIP Програміст', '27', '26', 27000, 'VIP Програміст програмного забезпечення. Оплата праці:27000', '2016-03-05 08:56:14', '2016-03-05 08:56:14', 0, 0, 'UAH'),
(52, 1, 'Віккі Тестер', '0963363496', '33sorey44@gmail.com', 'Бухгалтер', '27', '26', 11000, 'Бухгалтер програмного забезпечення. Оплата праці:11000', '2016-03-05 08:56:14', '2016-03-05 08:56:14', 1, 0, 'UAH'),
(53, 2, 'Наталі Тестер', '0963363496', 'natasha-badora@yandex.ru', 'Фермер талантів', '27', '26', 13000, 'Фермер талантів програмного забезпечення. Оплата праці:13000', '2016-03-05 08:56:14', '2016-03-05 08:56:14', 0, 0, 'UAH'),
(54, 2, 'Наталі Тестер', '0963363496', 'natasha-badora@yandex.ru', 'Фермер талантів', '27', '26', 13000, 'Фермер талантів програмного забезпечення. Оплата праці:13000', '2016-03-05 08:56:14', '2016-03-05 08:56:14', 0, 0, 'UAH'),
(55, 2, 'Наталі Тестер', '0963363496', 'natasha-badora@yandex.ru', 'Фермер талантів', '12', '19', 13000, 'Фермер талантів програмного забезпечення. Оплата праці:13000', '2016-03-05 08:56:14', '2016-03-05 08:56:14', 0, 0, 'UAH'),
(56, 1, 'Віккі Тестер', '0963363496', '33sorey44@gmail.com', 'Бухгалтер', '11', '9', 11000, 'Бухгалтер програмного забезпечення. Оплата праці:11000', '2016-03-05 08:56:14', '2016-03-05 08:56:14', 1, 0, 'UAH'),
(57, 3, 'Сергій Програмер', '0963363496', '3sorey4@gmail.com', 'VIP Програміст', '5', '2', 27000, 'VIP Програміст програмного забезпечення. Оплата праці:27000', '2016-03-05 08:56:14', '2016-03-05 08:56:14', 0, 0, 'UAH'),
(58, 1, 'Віккі Тестер', '0963363496', '33sorey44@gmail.com', 'Бухгалтер', '3', '2', 11000, 'Бухгалтер програмного забезпечення. Оплата праці:11000', '2016-03-05 08:56:14', '2016-03-05 08:56:14', 1, 0, 'UAH'),
(59, 1, 'Віккі Тестер', '0963363496', '33sorey44@gmail.com', 'Тестер', '10', '18', 6000, 'Тестер програмного забезпечення. Оплата праці:6000', '2016-03-05 08:56:14', '2016-03-05 08:56:14', 1, 0, 'UAH'),
(60, 1, 'Віккі Тестер', '0963363496', '33sorey44@gmail.com', 'Бухгалтер', '3', '11', 11000, 'Бухгалтер програмного забезпечення. Оплата праці:11000', '2016-03-05 08:56:14', '2016-03-05 08:56:14', 1, 0, 'UAH'),
(61, 1, 'Віккі Тестер', '0963363496', '33sorey44@gmail.com', 'Архітектор', '13', '4', 9000, 'Архітектор програмного забезпечення. Оплата праці:9000', '2016-03-05 08:56:14', '2016-03-05 08:56:14', 1, 0, 'UAH'),
(62, 3, 'Сергій Програмер', '0963363496', '3sorey4@gmail.com', 'VIP Програміст', '25', '11', 27000, 'VIP Програміст програмного забезпечення. Оплата праці:27000', '2016-03-05 08:56:14', '2016-03-05 08:56:14', 0, 0, 'UAH'),
(63, 1, 'Віккі Тестер', '0963363496', '33sorey44@gmail.com', 'Архітектор', '5', '21', 9000, 'Архітектор програмного забезпечення. Оплата праці:9000', '2016-03-05 08:56:14', '2016-03-05 08:56:14', 1, 0, 'UAH'),
(64, 3, 'Сергій Програмер', '0963363496', '3sorey4@gmail.com', 'VIP Програміст', '22', '21', 27000, 'VIP Програміст програмного забезпечення. Оплата праці:27000', '2016-03-05 08:56:14', '2016-03-05 08:56:14', 0, 0, 'UAH'),
(65, 1, 'Віккі Тестер', '0963363496', '33sorey44@gmail.com', 'Архітектор', '17', '3', 9000, 'Архітектор програмного забезпечення. Оплата праці:9000', '2016-03-05 08:56:14', '2016-03-05 08:56:14', 1, 0, 'UAH'),
(66, 1, 'Віккі Тестер', '0963363496', '33sorey44@gmail.com', 'Бухгалтер', '18', '9', 11000, 'Бухгалтер програмного забезпечення. Оплата праці:11000', '2016-03-05 08:56:14', '2016-03-05 08:56:14', 1, 0, 'UAH'),
(67, 3, 'Сергій Програмер', '0963363496', '3sorey4@gmail.com', 'VIP Програміст', '20', '22', 27000, 'VIP Програміст програмного забезпечення. Оплата праці:27000', '2016-03-05 08:56:14', '2016-03-05 08:56:14', 0, 0, 'UAH'),
(68, 1, 'Віккі Тестер', '0963363496', '33sorey44@gmail.com', 'Архітектор', '16', '25', 9000, 'Архітектор програмного забезпечення. Оплата праці:9000', '2016-03-05 08:56:14', '2016-03-05 08:56:14', 1, 0, 'UAH'),
(69, 3, 'Сергій Програмер', '0963363496', '3sorey4@gmail.com', 'VIP Програміст', '9', '12', 27000, 'VIP Програміст програмного забезпечення. Оплата праці:27000', '2016-03-05 08:56:14', '2016-03-05 08:56:14', 0, 0, 'UAH'),
(70, 1, 'Віккі Тестер', '0963363496', '33sorey44@gmail.com', 'Архітектор', '1', '2', 9000, 'Архітектор програмного забезпечення. Оплата праці:9000', '2016-03-05 08:56:14', '2016-03-05 08:56:14', 1, 0, 'UAH'),
(71, 2, 'Наталі Тестер', '0963363496', 'natasha-badora@yandex.ru', 'Фермер талантів', '14', '4', 13000, 'Фермер талантів програмного забезпечення. Оплата праці:13000', '2016-03-05 08:56:14', '2016-03-05 08:56:14', 0, 0, 'UAH'),
(72, 2, 'Наталі Тестер', '0963363496', 'natasha-badora@yandex.ru', 'Фермер талантів', '25', '20', 13000, 'Фермер талантів програмного забезпечення. Оплата праці:13000', '2016-03-05 08:56:14', '2016-03-05 08:56:14', 0, 0, 'UAH'),
(73, 2, 'Наталі Тестер', '0963363496', 'natasha-badora@yandex.ru', 'Фермер талантів', '20', '6', 13000, 'Фермер талантів програмного забезпечення. Оплата праці:13000', '2016-03-05 08:56:14', '2016-03-05 08:56:14', 0, 0, 'UAH'),
(74, 1, 'Віккі Тестер', '0963363496', '33sorey44@gmail.com', 'Архітектор', '7', '5', 9000, 'Архітектор програмного забезпечення. Оплата праці:9000', '2016-03-05 08:56:14', '2016-03-05 08:56:14', 1, 0, 'UAH'),
(75, 1, 'Віккі Тестер', '0963363496', '33sorey44@gmail.com', 'Бухгалтер', '10', '11', 11000, 'Бухгалтер програмного забезпечення. Оплата праці:11000', '2016-03-05 08:56:14', '2016-03-05 08:56:14', 1, 0, 'UAH'),
(76, 1, 'Віккі Тестер', '0963363496', '33sorey44@gmail.com', 'Архітектор', '24', '16', 9000, 'Архітектор програмного забезпечення. Оплата праці:9000', '2016-03-05 08:56:14', '2016-03-05 08:56:14', 1, 0, 'UAH'),
(77, 3, 'Сергій Програмер', '0963363496', '3sorey4@gmail.com', 'VIP Програміст', '14', '25', 27000, 'VIP Програміст програмного забезпечення. Оплата праці:27000', '2016-03-05 08:56:14', '2016-03-05 08:56:14', 0, 0, 'UAH'),
(78, 1, 'Віккі Тестер', '0963363496', '33sorey44@gmail.com', 'Бухгалтер', '6', '23', 11000, 'Бухгалтер програмного забезпечення. Оплата праці:11000', '2016-03-05 08:56:15', '2016-03-05 08:56:15', 1, 0, 'UAH'),
(79, 1, 'Віккі Тестер', '0963363496', '33sorey44@gmail.com', 'Архітектор', '19', '1', 9000, 'Архітектор програмного забезпечення. Оплата праці:9000', '2016-03-05 08:56:15', '2016-03-05 08:56:15', 1, 0, 'UAH'),
(80, 1, 'Віккі Тестер', '0963363496', '33sorey44@gmail.com', 'Архітектор', '1', '12', 9000, 'Архітектор програмного забезпечення. Оплата праці:9000', '2016-03-05 08:56:15', '2016-03-05 08:56:15', 1, 0, 'UAH'),
(81, 2, 'Наталі Тестер', '0963363496', 'natasha-badora@yandex.ru', 'Фермер талантів', '22', '18', 13000, 'Фермер талантів програмного забезпечення. Оплата праці:13000', '2016-03-05 08:56:15', '2016-03-05 08:56:15', 0, 0, 'UAH'),
(82, 1, 'Віккі Тестер', '0963363496', '33sorey44@gmail.com', 'Архітектор', '4', '21', 9000, 'Архітектор програмного забезпечення. Оплата праці:9000', '2016-03-05 08:56:15', '2016-03-05 08:56:15', 1, 0, 'UAH'),
(83, 1, 'Віккі Тестер', '0963363496', '33sorey44@gmail.com', 'Бухгалтер', '13', '17', 11000, 'Бухгалтер програмного забезпечення. Оплата праці:11000', '2016-03-05 08:56:15', '2016-03-05 08:56:15', 1, 0, 'UAH'),
(84, 3, 'Сергій Програмер', '0963363496', '3sorey4@gmail.com', 'VIP Програміст', '9', '17', 27000, 'VIP Програміст програмного забезпечення. Оплата праці:27000', '2016-03-05 08:56:15', '2016-03-05 08:56:15', 0, 0, 'UAH'),
(85, 1, 'Віккі Тестер', '0963363496', '33sorey44@gmail.com', 'Бухгалтер', '7', '24', 11000, 'Бухгалтер програмного забезпечення. Оплата праці:11000', '2016-03-05 08:56:15', '2016-03-05 08:56:15', 1, 0, 'UAH'),
(86, 2, 'Наталі Тестер', '0963363496', 'natasha-badora@yandex.ru', 'Фермер талантів', '21', '4', 13000, 'Фермер талантів програмного забезпечення. Оплата праці:13000', '2016-03-05 08:56:15', '2016-03-05 08:56:15', 0, 0, 'UAH'),
(87, 1, 'Віккі Тестер', '0963363496', '33sorey44@gmail.com', 'Бухгалтер', '1', '16', 11000, 'Бухгалтер програмного забезпечення. Оплата праці:11000', '2016-03-05 08:56:15', '2016-03-05 08:56:15', 1, 0, 'UAH'),
(88, 1, 'Віккі Тестер', '0963363496', '33sorey44@gmail.com', 'Архітектор', '9', '4', 9000, 'Архітектор програмного забезпечення. Оплата праці:9000', '2016-03-05 08:56:15', '2016-03-05 08:56:15', 1, 0, 'UAH'),
(89, 3, 'Сергій Програмер', '0963363496', '3sorey4@gmail.com', 'VIP Програміст', '2', '20', 27000, 'VIP Програміст програмного забезпечення. Оплата праці:27000', '2016-03-05 08:56:15', '2016-03-05 08:56:15', 0, 0, 'UAH'),
(90, 1, 'Віккі Тестер', '0963363496', '33sorey44@gmail.com', 'Тестер', '14', '13', 6000, 'Тестер програмного забезпечення. Оплата праці:6000', '2016-03-05 08:56:15', '2016-03-05 08:56:15', 1, 0, 'UAH'),
(91, 3, 'Сергій Програмер', '0963363496', '3sorey4@gmail.com', 'VIP Програміст', '9', '20', 27000, 'VIP Програміст програмного забезпечення. Оплата праці:27000', '2016-03-05 08:56:15', '2016-03-05 08:56:15', 0, 0, 'UAH'),
(92, 1, 'Віккі Тестер', '0963363496', '33sorey44@gmail.com', 'Архітектор', '3', '8', 9000, 'Архітектор програмного забезпечення. Оплата праці:9000', '2016-03-05 08:56:15', '2016-03-05 08:56:15', 1, 0, 'UAH'),
(93, 1, 'Віккі Тестер', '0963363496', '33sorey44@gmail.com', 'Архітектор', '22', '17', 9000, 'Архітектор програмного забезпечення. Оплата праці:9000', '2016-03-05 08:56:15', '2016-03-05 08:56:15', 1, 0, 'UAH'),
(94, 1, 'Віккі Тестер', '0963363496', '33sorey44@gmail.com', 'Бухгалтер', '2', '3', 11000, 'Бухгалтер програмного забезпечення. Оплата праці:11000', '2016-03-05 08:56:15', '2016-03-05 08:56:15', 1, 0, 'UAH'),
(95, 2, 'Наталі Тестер', '0963363496', 'natasha-badora@yandex.ru', 'Фермер талантів', '19', '8', 13000, 'Фермер талантів програмного забезпечення. Оплата праці:13000', '2016-03-05 08:56:15', '2016-03-05 08:56:15', 0, 0, 'UAH'),
(96, 1, 'Віккі Тестер', '0963363496', '33sorey44@gmail.com', 'Тестер', '3', '2', 6000, 'Тестер програмного забезпечення. Оплата праці:6000', '2016-03-05 08:56:15', '2016-03-05 08:56:15', 1, 0, 'UAH'),
(97, 1, 'Віккі Тестер', '0963363496', '33sorey44@gmail.com', 'Архітектор', '19', '17', 9000, 'Архітектор програмного забезпечення. Оплата праці:9000', '2016-03-05 08:56:15', '2016-03-05 08:56:15', 1, 0, 'UAH'),
(98, 1, 'Віккі Тестер', '0963363496', '33sorey44@gmail.com', 'Тестер', '18', '13', 6000, 'Тестер програмного забезпечення. Оплата праці:6000', '2016-03-05 08:56:15', '2016-03-05 08:56:15', 1, 0, 'UAH'),
(99, 1, 'Віккі Тестер', '0963363496', '33sorey44@gmail.com', 'Бухгалтер', '5', '1', 11000, 'Бухгалтер програмного забезпечення. Оплата праці:11000', '2016-03-05 08:56:15', '2016-03-05 08:56:15', 1, 0, 'UAH'),
(100, 1, 'Віккі Тестер', '0963363496', '33sorey44@gmail.com', 'Бухгалтер', '11', '21', 11000, 'Бухгалтер програмного забезпечення. Оплата праці:11000', '2016-03-05 08:56:15', '2016-03-05 08:56:15', 1, 0, 'UAH'),
(101, 1, 'Віккі Тестер', '0963363496', '33sorey44@gmail.com', 'Архітектор', '11', '8', 9000, 'Архітектор програмного забезпечення. Оплата праці:9000', '2016-03-05 08:56:15', '2016-03-05 08:56:15', 1, 0, 'UAH'),
(102, 1, 'Віккі Тестер', '0963363496', '33sorey44@gmail.com', 'Бухгалтер', '6', '24', 11000, 'Бухгалтер програмного забезпечення. Оплата праці:11000', '2016-03-05 08:56:15', '2016-03-05 08:56:15', 1, 0, 'UAH'),
(103, 3, 'Сергій Програмер', '0963363496', '3sorey4@gmail.com', 'VIP Програміст', '1', '6', 27000, 'VIP Програміст програмного забезпечення. Оплата праці:27000', '2016-03-05 08:56:15', '2016-03-05 08:56:15', 0, 0, 'UAH'),
(104, 2, 'Наталі Тестер', '0963363496', 'natasha-badora@yandex.ru', 'Фермер талантів', '15', '13', 13000, 'Фермер талантів програмного забезпечення. Оплата праці:13000', '2016-03-05 08:56:15', '2016-03-05 08:56:15', 0, 0, 'UAH'),
(105, 3, 'Сергій Програмер', '0963363496', '3sorey4@gmail.com', 'VIP Програміст', '2', '16', 27000, 'VIP Програміст програмного забезпечення. Оплата праці:27000', '2016-03-05 08:56:15', '2016-03-05 08:56:15', 0, 0, 'UAH');

-- --------------------------------------------------------

--
-- Структура таблиці `resume_city`
--

CREATE TABLE `resume_city` (
  `id` int(10) UNSIGNED NOT NULL,
  `resume_id` int(11) NOT NULL,
  `city_id` int(11) NOT NULL,
  `created_at` timestamp NOT NULL DEFAULT '0000-00-00 00:00:00',
  `updated_at` timestamp NOT NULL DEFAULT '0000-00-00 00:00:00'
) ENGINE=InnoDB DEFAULT CHARSET=utf8 COLLATE=utf8_unicode_ci;

-- --------------------------------------------------------

--
-- Структура таблиці `users`
--

CREATE TABLE `users` (
  `id` int(10) UNSIGNED NOT NULL,
  `name` varchar(255) COLLATE utf8_unicode_ci NOT NULL,
  `email` varchar(255) COLLATE utf8_unicode_ci NOT NULL,
  `password` varchar(60) COLLATE utf8_unicode_ci NOT NULL,
  `remember_token` varchar(100) COLLATE utf8_unicode_ci DEFAULT NULL,
  `created_at` timestamp NOT NULL DEFAULT '0000-00-00 00:00:00',
  `updated_at` timestamp NOT NULL DEFAULT '0000-00-00 00:00:00'
) ENGINE=InnoDB DEFAULT CHARSET=utf8 COLLATE=utf8_unicode_ci;

--
-- Дамп даних таблиці `users`
--

INSERT INTO `users` (`id`, `name`, `email`, `password`, `remember_token`, `created_at`, `updated_at`) VALUES
(1, 'Viki Тестер', '33sorey44@gmail.com', '$2y$10$VNuRfc4bb8IVPot3Qzl3euOUvh3R6cFiOolbSVQupttF4ilfL5gkC', NULL, '2016-03-05 08:56:12', '2016-03-05 08:56:12'),
(2, 'Natali Тестер', 'natasha-badora@yandex.ru', '$2y$10$usMZsVxpJwzhxjVew7GbZ.JUyYN9jxuLL9u0Ik2yDHWMPie6BBCfK', NULL, '2016-03-05 08:56:12', '2016-03-05 08:56:12'),
(3, 'Sorey Програмер', '3sorey4@gmail.com', '$2y$10$KAM9pLKGvAPf88BZIZWTiOz/5b.7zTeYt5tsIKmgN40MaoIS0rkOu', NULL, '2016-03-05 08:56:12', '2016-03-05 08:56:12');

-- --------------------------------------------------------

--
-- Структура таблиці `vacancies`
--

CREATE TABLE `vacancies` (
  `id` int(10) UNSIGNED NOT NULL,
  `position` varchar(255) COLLATE utf8_unicode_ci NOT NULL,
  `company_id` int(10) UNSIGNED NOT NULL,
  `branch` varchar(255) COLLATE utf8_unicode_ci NOT NULL,
  `date_field` date NOT NULL,
  `salary` int(11) NOT NULL,
  `telephone` varchar(255) COLLATE utf8_unicode_ci NOT NULL,
  `description` mediumtext COLLATE utf8_unicode_ci NOT NULL,
  `user_email` varchar(255) COLLATE utf8_unicode_ci NOT NULL,
  `remember_token` varchar(100) COLLATE utf8_unicode_ci DEFAULT NULL,
  `created_at` timestamp NOT NULL DEFAULT '0000-00-00 00:00:00',
  `updated_at` timestamp NOT NULL DEFAULT '0000-00-00 00:00:00',
  `vacancyAllUkraine` tinyint(1) NOT NULL,
  `salary_max` int(11) NOT NULL,
  `currency` varchar(3) COLLATE utf8_unicode_ci NOT NULL DEFAULT 'UAH'
) ENGINE=InnoDB DEFAULT CHARSET=utf8 COLLATE=utf8_unicode_ci;

--
-- Дамп даних таблиці `vacancies`
--

INSERT INTO `vacancies` (`id`, `position`, `company_id`, `branch`, `date_field`, `salary`, `telephone`, `description`, `user_email`, `remember_token`, `created_at`, `updated_at`, `vacancyAllUkraine`, `salary_max`, `currency`) VALUES
(1, 'Програміст', 3, '27', '2016-03-05', 25000, '0324535522', 'Програміст  bla-bla-bla Зарплата:25000', '', NULL, '2016-03-05 08:56:09', '2016-03-05 08:56:09', 0, 0, 'UAH'),
(2, 'Менеджер', 3, '27', '2016-03-05', 8000, '0507545332', 'Менеджер  bla-bla-bla Зарплата:8000', '', NULL, '2016-03-05 08:56:09', '2016-03-05 08:56:09', 0, 0, 'UAH'),
(3, 'Касир', 2, '27', '2016-03-05', 5000, '0937555522', 'Касир  bla-bla-bla Зарплата:5000', '', NULL, '2016-03-05 08:56:09', '2016-03-05 08:56:09', 0, 0, 'UAH'),
(4, 'Касир', 2, '27', '2016-03-05', 5000, '0937555522', 'Касир  bla-bla-bla Зарплата:5000', '', NULL, '2016-03-05 08:56:09', '2016-03-05 08:56:09', 0, 0, 'UAH'),
(5, 'Фермер', 3, '27', '2016-03-05', 12000, '0637774433', 'Фермер  bla-bla-bla Зарплата:12000', '', NULL, '2016-03-05 08:56:09', '2016-03-05 08:56:09', 0, 0, 'UAH'),
(6, 'Касир', 2, '27', '2016-03-05', 5000, '0937555522', 'Касир  bla-bla-bla Зарплата:5000', '', NULL, '2016-03-05 08:56:09', '2016-03-05 08:56:09', 0, 0, 'UAH'),
(7, 'Бухгалтер', 1, '27', '2016-03-05', 10000, '0637576222', 'Бухгалтер  bla-bla-bla Зарплата:10000', '', NULL, '2016-03-05 08:56:09', '2016-03-05 08:56:09', 1, 0, 'UAH'),
(8, 'Фермер', 3, '27', '2016-03-05', 12000, '0637774433', 'Фермер  bla-bla-bla Зарплата:12000', '', NULL, '2016-03-05 08:56:09', '2016-03-05 08:56:09', 0, 0, 'UAH'),
(9, 'Програміст', 3, '27', '2016-03-05', 25000, '0324535522', 'Програміст  bla-bla-bla Зарплата:25000', '', NULL, '2016-03-05 08:56:09', '2016-03-05 08:56:09', 0, 0, 'UAH'),
(10, 'Менеджер', 3, '27', '2016-03-05', 8000, '0507545332', 'Менеджер  bla-bla-bla Зарплата:8000', '', NULL, '2016-03-05 08:56:09', '2016-03-05 08:56:09', 0, 0, 'UAH'),
(11, 'Бухгалтер', 1, '27', '2016-03-05', 10000, '0637576222', 'Бухгалтер  bla-bla-bla Зарплата:10000', '', NULL, '2016-03-05 08:56:09', '2016-03-05 08:56:09', 1, 0, 'UAH'),
(12, 'Менеджер', 3, '27', '2016-03-05', 8000, '0507545332', 'Менеджер  bla-bla-bla Зарплата:8000', '', NULL, '2016-03-05 08:56:09', '2016-03-05 08:56:09', 0, 0, 'UAH'),
(13, 'Бухгалтер', 1, '27', '2016-03-05', 10000, '0637576222', 'Бухгалтер  bla-bla-bla Зарплата:10000', '', NULL, '2016-03-05 08:56:09', '2016-03-05 08:56:09', 1, 0, 'UAH'),
(14, 'Бухгалтер', 1, '27', '2016-03-05', 10000, '0637576222', 'Бухгалтер  bla-bla-bla Зарплата:10000', '', NULL, '2016-03-05 08:56:09', '2016-03-05 08:56:09', 1, 0, 'UAH'),
(15, 'Фермер', 3, '27', '2016-03-05', 12000, '0637774433', 'Фермер  bla-bla-bla Зарплата:12000', '', NULL, '2016-03-05 08:56:09', '2016-03-05 08:56:09', 0, 0, 'UAH'),
(16, 'Менеджер', 3, '27', '2016-03-05', 8000, '0507545332', 'Менеджер  bla-bla-bla Зарплата:8000', '', NULL, '2016-03-05 08:56:09', '2016-03-05 08:56:09', 0, 0, 'UAH'),
(17, 'Програміст', 3, '27', '2016-03-05', 25000, '0324535522', 'Програміст  bla-bla-bla Зарплата:25000', '', NULL, '2016-03-05 08:56:09', '2016-03-05 08:56:09', 0, 0, 'UAH'),
(18, 'Касир', 2, '27', '2016-03-05', 5000, '0937555522', 'Касир  bla-bla-bla Зарплата:5000', '', NULL, '2016-03-05 08:56:09', '2016-03-05 08:56:09', 0, 0, 'UAH'),
(19, 'Програміст', 3, '27', '2016-03-05', 25000, '0324535522', 'Програміст  bla-bla-bla Зарплата:25000', '', NULL, '2016-03-05 08:56:09', '2016-03-05 08:56:09', 0, 0, 'UAH'),
(20, 'Програміст', 3, '27', '2016-03-05', 25000, '0324535522', 'Програміст  bla-bla-bla Зарплата:25000', '', NULL, '2016-03-05 08:56:09', '2016-03-05 08:56:09', 0, 0, 'UAH'),
(21, 'Бухгалтер', 1, '27', '2016-03-05', 10000, '0637576222', 'Бухгалтер  bla-bla-bla Зарплата:10000', '', NULL, '2016-03-05 08:56:09', '2016-03-05 08:56:09', 1, 0, 'UAH'),
(22, 'Менеджер', 3, '27', '2016-03-05', 8000, '0507545332', 'Менеджер  bla-bla-bla Зарплата:8000', '', NULL, '2016-03-05 08:56:09', '2016-03-05 08:56:09', 0, 0, 'UAH'),
(23, 'Фермер', 3, '27', '2016-03-05', 12000, '0637774433', 'Фермер  bla-bla-bla Зарплата:12000', '', NULL, '2016-03-05 08:56:09', '2016-03-05 08:56:09', 0, 0, 'UAH'),
(24, 'Касир', 2, '27', '2016-03-05', 5000, '0937555522', 'Касир  bla-bla-bla Зарплата:5000', '', NULL, '2016-03-05 08:56:09', '2016-03-05 08:56:09', 0, 0, 'UAH'),
(25, 'Програміст', 3, '27', '2016-03-05', 25000, '0324535522', 'Програміст  bla-bla-bla Зарплата:25000', '', NULL, '2016-03-05 08:56:09', '2016-03-05 08:56:09', 0, 0, 'UAH'),
(26, 'Бухгалтер', 1, '27', '2016-03-05', 10000, '0637576222', 'Бухгалтер  bla-bla-bla Зарплата:10000', '', NULL, '2016-03-05 08:56:09', '2016-03-05 08:56:09', 1, 0, 'UAH'),
(27, 'Фермер', 3, '27', '2016-03-05', 12000, '0637774433', 'Фермер  bla-bla-bla Зарплата:12000', '', NULL, '2016-03-05 08:56:09', '2016-03-05 08:56:09', 0, 0, 'UAH'),
(28, 'Касир', 2, '27', '2016-03-05', 5000, '0937555522', 'Касир  bla-bla-bla Зарплата:5000', '', NULL, '2016-03-05 08:56:09', '2016-03-05 08:56:09', 0, 0, 'UAH'),
(29, 'Касир', 2, '27', '2016-03-05', 5000, '0937555522', 'Касир  bla-bla-bla Зарплата:5000', '', NULL, '2016-03-05 08:56:09', '2016-03-05 08:56:09', 0, 0, 'UAH'),
(30, 'Програміст', 3, '27', '2016-03-05', 25000, '0324535522', 'Програміст  bla-bla-bla Зарплата:25000', '', NULL, '2016-03-05 08:56:09', '2016-03-05 08:56:09', 0, 0, 'UAH'),
(31, 'Програміст', 3, '27', '2016-03-05', 25000, '0324535522', 'Програміст  bla-bla-bla Зарплата:25000', '', NULL, '2016-03-05 08:56:09', '2016-03-05 08:56:09', 0, 0, 'UAH'),
(32, 'Бухгалтер', 1, '27', '2016-03-05', 10000, '0637576222', 'Бухгалтер  bla-bla-bla Зарплата:10000', '', NULL, '2016-03-05 08:56:10', '2016-03-05 08:56:10', 1, 0, 'UAH'),
(33, 'Фермер', 3, '27', '2016-03-05', 12000, '0637774433', 'Фермер  bla-bla-bla Зарплата:12000', '', NULL, '2016-03-05 08:56:10', '2016-03-05 08:56:10', 0, 0, 'UAH'),
(34, 'Касир', 2, '27', '2016-03-05', 5000, '0937555522', 'Касир  bla-bla-bla Зарплата:5000', '', NULL, '2016-03-05 08:56:10', '2016-03-05 08:56:10', 0, 0, 'UAH'),
(35, 'Касир', 2, '27', '2016-03-05', 5000, '0937555522', 'Касир  bla-bla-bla Зарплата:5000', '', NULL, '2016-03-05 08:56:10', '2016-03-05 08:56:10', 0, 0, 'UAH'),
(36, 'Касир', 2, '27', '2016-03-05', 5000, '0937555522', 'Касир  bla-bla-bla Зарплата:5000', '', NULL, '2016-03-05 08:56:10', '2016-03-05 08:56:10', 0, 0, 'UAH'),
(37, 'Фермер', 3, '27', '2016-03-05', 12000, '0637774433', 'Фермер  bla-bla-bla Зарплата:12000', '', NULL, '2016-03-05 08:56:10', '2016-03-05 08:56:10', 0, 0, 'UAH'),
(38, 'Касир', 2, '27', '2016-03-05', 5000, '0937555522', 'Касир  bla-bla-bla Зарплата:5000', '', NULL, '2016-03-05 08:56:10', '2016-03-05 08:56:10', 0, 0, 'UAH'),
(39, 'Касир', 2, '27', '2016-03-05', 5000, '0937555522', 'Касир  bla-bla-bla Зарплата:5000', '', NULL, '2016-03-05 08:56:10', '2016-03-05 08:56:10', 0, 0, 'UAH'),
(40, 'Касир', 2, '27', '2016-03-05', 5000, '0937555522', 'Касир  bla-bla-bla Зарплата:5000', '', NULL, '2016-03-05 08:56:10', '2016-03-05 08:56:10', 0, 0, 'UAH'),
(41, 'Програміст', 3, '27', '2016-03-05', 25000, '0324535522', 'Програміст  bla-bla-bla Зарплата:25000', '', NULL, '2016-03-05 08:56:10', '2016-03-05 08:56:10', 0, 0, 'UAH'),
(42, 'Фермер', 3, '27', '2016-03-05', 12000, '0637774433', 'Фермер  bla-bla-bla Зарплата:12000', '', NULL, '2016-03-05 08:56:10', '2016-03-05 08:56:10', 0, 0, 'UAH'),
(43, 'Бухгалтер', 1, '27', '2016-03-05', 10000, '0637576222', 'Бухгалтер  bla-bla-bla Зарплата:10000', '', NULL, '2016-03-05 08:56:10', '2016-03-05 08:56:10', 1, 0, 'UAH'),
(44, 'Фермер', 3, '27', '2016-03-05', 12000, '0637774433', 'Фермер  bla-bla-bla Зарплата:12000', '', NULL, '2016-03-05 08:56:10', '2016-03-05 08:56:10', 0, 0, 'UAH'),
(45, 'Програміст', 3, '27', '2016-03-05', 25000, '0324535522', 'Програміст  bla-bla-bla Зарплата:25000', '', NULL, '2016-03-05 08:56:10', '2016-03-05 08:56:10', 0, 0, 'UAH'),
(46, 'Бухгалтер', 1, '27', '2016-03-05', 10000, '0637576222', 'Бухгалтер  bla-bla-bla Зарплата:10000', '', NULL, '2016-03-05 08:56:10', '2016-03-05 08:56:10', 1, 0, 'UAH'),
(47, 'Касир', 2, '27', '2016-03-05', 5000, '0937555522', 'Касир  bla-bla-bla Зарплата:5000', '', NULL, '2016-03-05 08:56:10', '2016-03-05 08:56:10', 0, 0, 'UAH'),
(48, 'Програміст', 3, '27', '2016-03-05', 25000, '0324535522', 'Програміст  bla-bla-bla Зарплата:25000', '', NULL, '2016-03-05 08:56:10', '2016-03-05 08:56:10', 0, 0, 'UAH'),
(49, 'Касир', 2, '27', '2016-03-05', 5000, '0937555522', 'Касир  bla-bla-bla Зарплата:5000', '', NULL, '2016-03-05 08:56:10', '2016-03-05 08:56:10', 0, 0, 'UAH'),
(50, 'Бухгалтер', 1, '27', '2016-03-05', 10000, '0637576222', 'Бухгалтер  bla-bla-bla Зарплата:10000', '', NULL, '2016-03-05 08:56:10', '2016-03-05 08:56:10', 1, 0, 'UAH'),
(51, 'Бухгалтер', 1, '27', '2016-03-05', 10000, '0637576222', 'Бухгалтер  bla-bla-bla Зарплата:10000', '', NULL, '2016-03-05 08:56:10', '2016-03-05 08:56:10', 1, 0, 'UAH'),
(52, 'Касир', 2, '27', '2016-03-05', 5000, '0937555522', 'Касир  bla-bla-bla Зарплата:5000', '', NULL, '2016-03-05 08:56:10', '2016-03-05 08:56:10', 0, 0, 'UAH'),
(53, 'Фермер', 3, '27', '2016-03-05', 12000, '0637774433', 'Фермер  bla-bla-bla Зарплата:12000', '', NULL, '2016-03-05 08:56:10', '2016-03-05 08:56:10', 0, 0, 'UAH'),
(54, 'Фермер', 3, '27', '2016-03-05', 12000, '0637774433', 'Фермер  bla-bla-bla Зарплата:12000', '', NULL, '2016-03-05 08:56:10', '2016-03-05 08:56:10', 0, 0, 'UAH'),
(55, 'Програміст', 3, '14', '2016-03-05', 25000, '0324535522', 'Програміст  bla-bla-bla Зарплата:25000', '', NULL, '2016-03-05 08:56:10', '2016-03-05 08:56:10', 0, 0, 'UAH'),
(56, 'Фермер', 3, '7', '2016-03-05', 12000, '0637774433', 'Фермер  bla-bla-bla Зарплата:12000', '', NULL, '2016-03-05 08:56:10', '2016-03-05 08:56:10', 0, 0, 'UAH'),
(57, 'Бухгалтер', 1, '22', '2016-03-05', 10000, '0637576222', 'Бухгалтер  bla-bla-bla Зарплата:10000', '', NULL, '2016-03-05 08:56:10', '2016-03-05 08:56:10', 1, 0, 'UAH'),
(58, 'Програміст', 3, '22', '2016-03-05', 25000, '0324535522', 'Програміст  bla-bla-bla Зарплата:25000', '', NULL, '2016-03-05 08:56:10', '2016-03-05 08:56:10', 0, 0, 'UAH'),
(59, 'Програміст', 3, '25', '2016-03-05', 25000, '0324535522', 'Програміст  bla-bla-bla Зарплата:25000', '', NULL, '2016-03-05 08:56:10', '2016-03-05 08:56:10', 0, 0, 'UAH'),
(60, 'Фермер', 3, '24', '2016-03-05', 12000, '0637774433', 'Фермер  bla-bla-bla Зарплата:12000', '', NULL, '2016-03-05 08:56:10', '2016-03-05 08:56:10', 0, 0, 'UAH'),
(61, 'Фермер', 3, '2', '2016-03-05', 12000, '0637774433', 'Фермер  bla-bla-bla Зарплата:12000', '', NULL, '2016-03-05 08:56:10', '2016-03-05 08:56:10', 0, 0, 'UAH'),
(62, 'Бухгалтер', 1, '10', '2016-03-05', 10000, '0637576222', 'Бухгалтер  bla-bla-bla Зарплата:10000', '', NULL, '2016-03-05 08:56:10', '2016-03-05 08:56:10', 1, 0, 'UAH'),
(63, 'Програміст', 3, '25', '2016-03-05', 25000, '0324535522', 'Програміст  bla-bla-bla Зарплата:25000', '', NULL, '2016-03-05 08:56:10', '2016-03-05 08:56:10', 0, 0, 'UAH'),
(64, 'Касир', 2, '21', '2016-03-05', 5000, '0937555522', 'Касир  bla-bla-bla Зарплата:5000', '', NULL, '2016-03-05 08:56:10', '2016-03-05 08:56:10', 0, 0, 'UAH'),
(65, 'Менеджер', 3, '20', '2016-03-05', 8000, '0507545332', 'Менеджер  bla-bla-bla Зарплата:8000', '', NULL, '2016-03-05 08:56:10', '2016-03-05 08:56:10', 0, 0, 'UAH'),
(66, 'Бухгалтер', 1, '2', '2016-03-05', 10000, '0637576222', 'Бухгалтер  bla-bla-bla Зарплата:10000', '', NULL, '2016-03-05 08:56:11', '2016-03-05 08:56:11', 1, 0, 'UAH'),
(67, 'Менеджер', 3, '6', '2016-03-05', 8000, '0507545332', 'Менеджер  bla-bla-bla Зарплата:8000', '', NULL, '2016-03-05 08:56:11', '2016-03-05 08:56:11', 0, 0, 'UAH'),
(68, 'Бухгалтер', 1, '18', '2016-03-05', 10000, '0637576222', 'Бухгалтер  bla-bla-bla Зарплата:10000', '', NULL, '2016-03-05 08:56:11', '2016-03-05 08:56:11', 1, 0, 'UAH'),
(69, 'Фермер', 3, '15', '2016-03-05', 12000, '0637774433', 'Фермер  bla-bla-bla Зарплата:12000', '', NULL, '2016-03-05 08:56:11', '2016-03-05 08:56:11', 0, 0, 'UAH'),
(70, 'Фермер', 3, '16', '2016-03-05', 12000, '0637774433', 'Фермер  bla-bla-bla Зарплата:12000', '', NULL, '2016-03-05 08:56:11', '2016-03-05 08:56:11', 0, 0, 'UAH'),
(71, 'Фермер', 3, '15', '2016-03-05', 12000, '0637774433', 'Фермер  bla-bla-bla Зарплата:12000', '', NULL, '2016-03-05 08:56:11', '2016-03-05 08:56:11', 0, 0, 'UAH'),
(72, 'Фермер', 3, '8', '2016-03-05', 12000, '0637774433', 'Фермер  bla-bla-bla Зарплата:12000', '', NULL, '2016-03-05 08:56:11', '2016-03-05 08:56:11', 0, 0, 'UAH'),
(73, 'Фермер', 3, '9', '2016-03-05', 12000, '0637774433', 'Фермер  bla-bla-bla Зарплата:12000', '', NULL, '2016-03-05 08:56:11', '2016-03-05 08:56:11', 0, 0, 'UAH'),
(74, 'Фермер', 3, '20', '2016-03-05', 12000, '0637774433', 'Фермер  bla-bla-bla Зарплата:12000', '', NULL, '2016-03-05 08:56:11', '2016-03-05 08:56:11', 0, 0, 'UAH'),
(75, 'Касир', 2, '18', '2016-03-05', 5000, '0937555522', 'Касир  bla-bla-bla Зарплата:5000', '', NULL, '2016-03-05 08:56:11', '2016-03-05 08:56:11', 0, 0, 'UAH'),
(76, 'Бухгалтер', 1, '11', '2016-03-05', 10000, '0637576222', 'Бухгалтер  bla-bla-bla Зарплата:10000', '', NULL, '2016-03-05 08:56:11', '2016-03-05 08:56:11', 1, 0, 'UAH'),
(77, 'Касир', 2, '21', '2016-03-05', 5000, '0937555522', 'Касир  bla-bla-bla Зарплата:5000', '', NULL, '2016-03-05 08:56:11', '2016-03-05 08:56:11', 0, 0, 'UAH'),
(78, 'Програміст', 3, '7', '2016-03-05', 25000, '0324535522', 'Програміст  bla-bla-bla Зарплата:25000', '', NULL, '2016-03-05 08:56:11', '2016-03-05 08:56:11', 0, 0, 'UAH'),
(79, 'Фермер', 3, '10', '2016-03-05', 12000, '0637774433', 'Фермер  bla-bla-bla Зарплата:12000', '', NULL, '2016-03-05 08:56:11', '2016-03-05 08:56:11', 0, 0, 'UAH'),
(80, 'Бухгалтер', 1, '20', '2016-03-05', 10000, '0637576222', 'Бухгалтер  bla-bla-bla Зарплата:10000', '', NULL, '2016-03-05 08:56:11', '2016-03-05 08:56:11', 1, 0, 'UAH'),
(81, 'Менеджер', 3, '18', '2016-03-05', 8000, '0507545332', 'Менеджер  bla-bla-bla Зарплата:8000', '', NULL, '2016-03-05 08:56:11', '2016-03-05 08:56:11', 0, 0, 'UAH'),
(82, 'Фермер', 3, '23', '2016-03-05', 12000, '0637774433', 'Фермер  bla-bla-bla Зарплата:12000', '', NULL, '2016-03-05 08:56:11', '2016-03-05 08:56:11', 0, 0, 'UAH'),
(83, 'Бухгалтер', 1, '10', '2016-03-05', 10000, '0637576222', 'Бухгалтер  bla-bla-bla Зарплата:10000', '', NULL, '2016-03-05 08:56:11', '2016-03-05 08:56:11', 1, 0, 'UAH'),
(84, 'Бухгалтер', 1, '3', '2016-03-05', 10000, '0637576222', 'Бухгалтер  bla-bla-bla Зарплата:10000', '', NULL, '2016-03-05 08:56:11', '2016-03-05 08:56:11', 1, 0, 'UAH'),
(85, 'Фермер', 3, '19', '2016-03-05', 12000, '0637774433', 'Фермер  bla-bla-bla Зарплата:12000', '', NULL, '2016-03-05 08:56:11', '2016-03-05 08:56:11', 0, 0, 'UAH'),
(86, 'Касир', 2, '11', '2016-03-05', 5000, '0937555522', 'Касир  bla-bla-bla Зарплата:5000', '', NULL, '2016-03-05 08:56:11', '2016-03-05 08:56:11', 0, 0, 'UAH'),
(87, 'Програміст', 3, '12', '2016-03-05', 25000, '0324535522', 'Програміст  bla-bla-bla Зарплата:25000', '', NULL, '2016-03-05 08:56:11', '2016-03-05 08:56:11', 0, 0, 'UAH'),
(88, 'Касир', 2, '6', '2016-03-05', 5000, '0937555522', 'Касир  bla-bla-bla Зарплата:5000', '', NULL, '2016-03-05 08:56:11', '2016-03-05 08:56:11', 0, 0, 'UAH'),
(89, 'Фермер', 3, '19', '2016-03-05', 12000, '0637774433', 'Фермер  bla-bla-bla Зарплата:12000', '', NULL, '2016-03-05 08:56:11', '2016-03-05 08:56:11', 0, 0, 'UAH'),
(90, 'Бухгалтер', 1, '14', '2016-03-05', 10000, '0637576222', 'Бухгалтер  bla-bla-bla Зарплата:10000', '', NULL, '2016-03-05 08:56:11', '2016-03-05 08:56:11', 1, 0, 'UAH'),
(91, 'Програміст', 3, '8', '2016-03-05', 25000, '0324535522', 'Програміст  bla-bla-bla Зарплата:25000', '', NULL, '2016-03-05 08:56:11', '2016-03-05 08:56:11', 0, 0, 'UAH'),
(92, 'Програміст', 3, '21', '2016-03-05', 25000, '0324535522', 'Програміст  bla-bla-bla Зарплата:25000', '', NULL, '2016-03-05 08:56:11', '2016-03-05 08:56:11', 0, 0, 'UAH'),
(93, 'Менеджер', 3, '10', '2016-03-05', 8000, '0507545332', 'Менеджер  bla-bla-bla Зарплата:8000', '', NULL, '2016-03-05 08:56:11', '2016-03-05 08:56:11', 0, 0, 'UAH'),
(94, 'Програміст', 3, '26', '2016-03-05', 25000, '0324535522', 'Програміст  bla-bla-bla Зарплата:25000', '', NULL, '2016-03-05 08:56:11', '2016-03-05 08:56:11', 0, 0, 'UAH'),
(95, 'Бухгалтер', 1, '19', '2016-03-05', 10000, '0637576222', 'Бухгалтер  bla-bla-bla Зарплата:10000', '', NULL, '2016-03-05 08:56:11', '2016-03-05 08:56:11', 1, 0, 'UAH'),
(96, 'Касир', 2, '16', '2016-03-05', 5000, '0937555522', 'Касир  bla-bla-bla Зарплата:5000', '', NULL, '2016-03-05 08:56:11', '2016-03-05 08:56:11', 0, 0, 'UAH'),
(97, 'Фермер', 3, '13', '2016-03-05', 12000, '0637774433', 'Фермер  bla-bla-bla Зарплата:12000', '', NULL, '2016-03-05 08:56:11', '2016-03-05 08:56:11', 0, 0, 'UAH'),
(98, 'Фермер', 3, '16', '2016-03-05', 12000, '0637774433', 'Фермер  bla-bla-bla Зарплата:12000', '', NULL, '2016-03-05 08:56:11', '2016-03-05 08:56:11', 0, 0, 'UAH'),
(99, 'Програміст', 3, '12', '2016-03-05', 25000, '0324535522', 'Програміст  bla-bla-bla Зарплата:25000', '', NULL, '2016-03-05 08:56:11', '2016-03-05 08:56:11', 0, 0, 'UAH'),
(100, 'Фермер', 3, '12', '2016-03-05', 12000, '0637774433', 'Фермер  bla-bla-bla Зарплата:12000', '', NULL, '2016-03-05 08:56:11', '2016-03-05 08:56:11', 0, 0, 'UAH'),
(101, 'Програміст', 3, '20', '2016-03-05', 25000, '0324535522', 'Програміст  bla-bla-bla Зарплата:25000', '', NULL, '2016-03-05 08:56:11', '2016-03-05 08:56:11', 0, 0, 'UAH'),
(102, 'Бухгалтер', 1, '2', '2016-03-05', 10000, '0637576222', 'Бухгалтер  bla-bla-bla Зарплата:10000', '', NULL, '2016-03-05 08:56:11', '2016-03-05 08:56:11', 1, 0, 'UAH'),
(103, 'Касир', 2, '6', '2016-03-05', 5000, '0937555522', 'Касир  bla-bla-bla Зарплата:5000', '', NULL, '2016-03-05 08:56:12', '2016-03-05 08:56:12', 0, 0, 'UAH'),
(104, 'Бухгалтер', 1, '26', '2016-03-05', 10000, '0637576222', 'Бухгалтер  bla-bla-bla Зарплата:10000', '', NULL, '2016-03-05 08:56:12', '2016-03-05 08:56:12', 1, 0, 'UAH'),
(105, 'Бухгалтер', 1, '26', '2016-03-05', 10000, '0637576222', 'Бухгалтер  bla-bla-bla Зарплата:10000', '', NULL, '2016-03-05 08:56:12', '2016-03-05 08:56:12', 1, 0, 'UAH'),
(106, 'wwww', 1, '9', '0000-00-00', 123, '', 'asdfg', '3sorey4@gmail.com', NULL, '2016-03-05 08:59:48', '2016-03-05 08:59:48', 0, 234, 'FIN');

-- --------------------------------------------------------

--
-- Структура таблиці `vacancy_city`
--

CREATE TABLE `vacancy_city` (
  `id` int(10) UNSIGNED NOT NULL,
  `vacancy_id` int(11) NOT NULL,
  `city_id` int(11) NOT NULL,
  `created_at` timestamp NOT NULL DEFAULT '0000-00-00 00:00:00',
  `updated_at` timestamp NOT NULL DEFAULT '0000-00-00 00:00:00'
) ENGINE=InnoDB DEFAULT CHARSET=utf8 COLLATE=utf8_unicode_ci;

--
-- Дамп даних таблиці `vacancy_city`
--

INSERT INTO `vacancy_city` (`id`, `vacancy_id`, `city_id`, `created_at`, `updated_at`) VALUES
(1, 1, 26, '2016-03-05 08:56:19', '2016-03-05 08:56:19'),
(2, 2, 26, '2016-03-05 08:56:19', '2016-03-05 08:56:19'),
(3, 3, 26, '2016-03-05 08:56:19', '2016-03-05 08:56:19'),
(4, 4, 26, '2016-03-05 08:56:19', '2016-03-05 08:56:19'),
(5, 5, 26, '2016-03-05 08:56:19', '2016-03-05 08:56:19'),
(6, 6, 26, '2016-03-05 08:56:19', '2016-03-05 08:56:19'),
(7, 7, 26, '2016-03-05 08:56:19', '2016-03-05 08:56:19'),
(8, 8, 26, '2016-03-05 08:56:19', '2016-03-05 08:56:19'),
(9, 9, 26, '2016-03-05 08:56:19', '2016-03-05 08:56:19'),
(10, 10, 26, '2016-03-05 08:56:19', '2016-03-05 08:56:19'),
(11, 11, 26, '2016-03-05 08:56:19', '2016-03-05 08:56:19'),
(12, 12, 26, '2016-03-05 08:56:19', '2016-03-05 08:56:19'),
(13, 13, 26, '2016-03-05 08:56:20', '2016-03-05 08:56:20'),
(14, 14, 26, '2016-03-05 08:56:20', '2016-03-05 08:56:20'),
(15, 15, 26, '2016-03-05 08:56:20', '2016-03-05 08:56:20'),
(16, 16, 26, '2016-03-05 08:56:20', '2016-03-05 08:56:20'),
(17, 17, 26, '2016-03-05 08:56:20', '2016-03-05 08:56:20'),
(18, 18, 26, '2016-03-05 08:56:20', '2016-03-05 08:56:20'),
(19, 19, 26, '2016-03-05 08:56:20', '2016-03-05 08:56:20'),
(20, 20, 26, '2016-03-05 08:56:20', '2016-03-05 08:56:20'),
(21, 21, 26, '2016-03-05 08:56:20', '2016-03-05 08:56:20'),
(22, 22, 26, '2016-03-05 08:56:20', '2016-03-05 08:56:20'),
(23, 23, 26, '2016-03-05 08:56:20', '2016-03-05 08:56:20'),
(24, 24, 26, '2016-03-05 08:56:20', '2016-03-05 08:56:20'),
(25, 25, 26, '2016-03-05 08:56:20', '2016-03-05 08:56:20'),
(26, 26, 26, '2016-03-05 08:56:20', '2016-03-05 08:56:20'),
(27, 27, 26, '2016-03-05 08:56:20', '2016-03-05 08:56:20'),
(28, 28, 26, '2016-03-05 08:56:20', '2016-03-05 08:56:20'),
(29, 29, 26, '2016-03-05 08:56:20', '2016-03-05 08:56:20'),
(30, 30, 26, '2016-03-05 08:56:20', '2016-03-05 08:56:20'),
(31, 31, 26, '2016-03-05 08:56:20', '2016-03-05 08:56:20'),
(32, 32, 26, '2016-03-05 08:56:20', '2016-03-05 08:56:20'),
(33, 33, 26, '2016-03-05 08:56:20', '2016-03-05 08:56:20'),
(34, 34, 26, '2016-03-05 08:56:20', '2016-03-05 08:56:20'),
(35, 35, 26, '2016-03-05 08:56:20', '2016-03-05 08:56:20'),
(36, 36, 26, '2016-03-05 08:56:20', '2016-03-05 08:56:20'),
(37, 37, 26, '2016-03-05 08:56:20', '2016-03-05 08:56:20'),
(38, 38, 26, '2016-03-05 08:56:20', '2016-03-05 08:56:20'),
(39, 39, 26, '2016-03-05 08:56:20', '2016-03-05 08:56:20'),
(40, 40, 26, '2016-03-05 08:56:20', '2016-03-05 08:56:20'),
(41, 41, 26, '2016-03-05 08:56:20', '2016-03-05 08:56:20'),
(42, 42, 26, '2016-03-05 08:56:20', '2016-03-05 08:56:20'),
(43, 43, 26, '2016-03-05 08:56:20', '2016-03-05 08:56:20'),
(44, 44, 26, '2016-03-05 08:56:20', '2016-03-05 08:56:20'),
(45, 45, 26, '2016-03-05 08:56:20', '2016-03-05 08:56:20'),
(46, 46, 26, '2016-03-05 08:56:20', '2016-03-05 08:56:20'),
(47, 47, 26, '2016-03-05 08:56:20', '2016-03-05 08:56:20'),
(48, 48, 26, '2016-03-05 08:56:20', '2016-03-05 08:56:20'),
(49, 49, 26, '2016-03-05 08:56:20', '2016-03-05 08:56:20'),
(50, 50, 26, '2016-03-05 08:56:21', '2016-03-05 08:56:21'),
(51, 51, 26, '2016-03-05 08:56:21', '2016-03-05 08:56:21'),
(52, 52, 26, '2016-03-05 08:56:21', '2016-03-05 08:56:21'),
(53, 53, 26, '2016-03-05 08:56:21', '2016-03-05 08:56:21'),
(54, 54, 17, '2016-03-05 08:56:21', '2016-03-05 08:56:21'),
(55, 55, 22, '2016-03-05 08:56:21', '2016-03-05 08:56:21'),
(56, 56, 2, '2016-03-05 08:56:21', '2016-03-05 08:56:21'),
(57, 57, 16, '2016-03-05 08:56:21', '2016-03-05 08:56:21'),
(58, 58, 7, '2016-03-05 08:56:21', '2016-03-05 08:56:21'),
(59, 59, 18, '2016-03-05 08:56:21', '2016-03-05 08:56:21'),
(60, 60, 4, '2016-03-05 08:56:21', '2016-03-05 08:56:21'),
(61, 61, 15, '2016-03-05 08:56:21', '2016-03-05 08:56:21'),
(62, 62, 12, '2016-03-05 08:56:21', '2016-03-05 08:56:21'),
(63, 63, 3, '2016-03-05 08:56:21', '2016-03-05 08:56:21'),
(64, 64, 8, '2016-03-05 08:56:21', '2016-03-05 08:56:21'),
(65, 65, 5, '2016-03-05 08:56:21', '2016-03-05 08:56:21'),
(66, 66, 2, '2016-03-05 08:56:21', '2016-03-05 08:56:21'),
(67, 67, 13, '2016-03-05 08:56:21', '2016-03-05 08:56:21'),
(68, 68, 1, '2016-03-05 08:56:21', '2016-03-05 08:56:21'),
(69, 69, 12, '2016-03-05 08:56:21', '2016-03-05 08:56:21'),
(70, 70, 6, '2016-03-05 08:56:21', '2016-03-05 08:56:21'),
(71, 71, 18, '2016-03-05 08:56:21', '2016-03-05 08:56:21'),
(72, 72, 5, '2016-03-05 08:56:21', '2016-03-05 08:56:21'),
(73, 73, 1, '2016-03-05 08:56:21', '2016-03-05 08:56:21'),
(74, 74, 17, '2016-03-05 08:56:21', '2016-03-05 08:56:21'),
(75, 75, 1, '2016-03-05 08:56:21', '2016-03-05 08:56:21'),
(76, 76, 9, '2016-03-05 08:56:21', '2016-03-05 08:56:21'),
(77, 77, 24, '2016-03-05 08:56:21', '2016-03-05 08:56:21'),
(78, 78, 16, '2016-03-05 08:56:21', '2016-03-05 08:56:21'),
(79, 79, 9, '2016-03-05 08:56:21', '2016-03-05 08:56:21'),
(80, 80, 11, '2016-03-05 08:56:21', '2016-03-05 08:56:21'),
(81, 81, 22, '2016-03-05 08:56:21', '2016-03-05 08:56:21'),
(82, 82, 21, '2016-03-05 08:56:21', '2016-03-05 08:56:21'),
(83, 83, 25, '2016-03-05 08:56:21', '2016-03-05 08:56:21'),
(84, 84, 23, '2016-03-05 08:56:21', '2016-03-05 08:56:21'),
(85, 85, 22, '2016-03-05 08:56:22', '2016-03-05 08:56:22'),
(86, 86, 12, '2016-03-05 08:56:22', '2016-03-05 08:56:22'),
(87, 87, 21, '2016-03-05 08:56:22', '2016-03-05 08:56:22'),
(88, 88, 20, '2016-03-05 08:56:22', '2016-03-05 08:56:22'),
(89, 89, 13, '2016-03-05 08:56:22', '2016-03-05 08:56:22'),
(90, 90, 8, '2016-03-05 08:56:22', '2016-03-05 08:56:22'),
(91, 91, 5, '2016-03-05 08:56:22', '2016-03-05 08:56:22'),
(92, 92, 12, '2016-03-05 08:56:22', '2016-03-05 08:56:22'),
(93, 93, 23, '2016-03-05 08:56:22', '2016-03-05 08:56:22'),
(94, 94, 13, '2016-03-05 08:56:22', '2016-03-05 08:56:22'),
(95, 95, 23, '2016-03-05 08:56:22', '2016-03-05 08:56:22'),
(96, 96, 25, '2016-03-05 08:56:22', '2016-03-05 08:56:22'),
(97, 97, 17, '2016-03-05 08:56:22', '2016-03-05 08:56:22'),
(98, 98, 21, '2016-03-05 08:56:22', '2016-03-05 08:56:22'),
(99, 99, 9, '2016-03-05 08:56:22', '2016-03-05 08:56:22'),
(100, 100, 20, '2016-03-05 08:56:22', '2016-03-05 08:56:22'),
(101, 101, 22, '2016-03-05 08:56:22', '2016-03-05 08:56:22'),
(102, 102, 12, '2016-03-05 08:56:22', '2016-03-05 08:56:22'),
(103, 103, 9, '2016-03-05 08:56:22', '2016-03-05 08:56:22'),
(104, 104, 21, '2016-03-05 08:56:22', '2016-03-05 08:56:22'),
(105, 105, 2, '2016-03-05 08:56:22', '2016-03-05 08:56:22'),
(106, 106, 6, '2016-03-05 08:59:48', '2016-03-05 08:59:48');

--
-- Індекси збережених таблиць
--

--
-- Індекси таблиці `cities`
--
ALTER TABLE `cities`
  ADD PRIMARY KEY (`id`);

--
-- Індекси таблиці `company`
--
ALTER TABLE `company`
  ADD PRIMARY KEY (`id`);

--
-- Індекси таблиці `industries`
--
ALTER TABLE `industries`
  ADD PRIMARY KEY (`id`);

--
-- Індекси таблиці `password_resets`
--
ALTER TABLE `password_resets`
  ADD KEY `password_resets_email_index` (`email`),
  ADD KEY `password_resets_token_index` (`token`);

--
-- Індекси таблиці `po_answers`
--
ALTER TABLE `po_answers`
  ADD PRIMARY KEY (`id`);

--
-- Індекси таблиці `po_test1`
--
ALTER TABLE `po_test1`
  ADD PRIMARY KEY (`id`);

--
-- Індекси таблиці `po_testpresentation`
--
ALTER TABLE `po_testpresentation`
  ADD PRIMARY KEY (`id`);

--
-- Індекси таблиці `po_user_session`
--
ALTER TABLE `po_user_session`
  ADD PRIMARY KEY (`id`);

--
-- Індекси таблиці `resumes`
--
ALTER TABLE `resumes`
  ADD PRIMARY KEY (`id`);

--
-- Індекси таблиці `resume_city`
--
ALTER TABLE `resume_city`
  ADD PRIMARY KEY (`id`);

--
-- Індекси таблиці `users`
--
ALTER TABLE `users`
  ADD PRIMARY KEY (`id`),
  ADD UNIQUE KEY `users_email_unique` (`email`);

--
-- Індекси таблиці `vacancies`
--
ALTER TABLE `vacancies`
  ADD PRIMARY KEY (`id`),
  ADD KEY `vacancies_company_id_foreign` (`company_id`);

--
-- Індекси таблиці `vacancy_city`
--
ALTER TABLE `vacancy_city`
  ADD PRIMARY KEY (`id`);

--
-- AUTO_INCREMENT для збережених таблиць
--

--
-- AUTO_INCREMENT для таблиці `cities`
--
ALTER TABLE `cities`
  MODIFY `id` int(10) UNSIGNED NOT NULL AUTO_INCREMENT, AUTO_INCREMENT=27;
--
-- AUTO_INCREMENT для таблиці `company`
--
ALTER TABLE `company`
  MODIFY `id` int(10) UNSIGNED NOT NULL AUTO_INCREMENT, AUTO_INCREMENT=4;
--
-- AUTO_INCREMENT для таблиці `industries`
--
ALTER TABLE `industries`
  MODIFY `id` int(10) UNSIGNED NOT NULL AUTO_INCREMENT, AUTO_INCREMENT=28;
--
-- AUTO_INCREMENT для таблиці `po_answers`
--
ALTER TABLE `po_answers`
  MODIFY `id` int(10) UNSIGNED NOT NULL AUTO_INCREMENT;
--
-- AUTO_INCREMENT для таблиці `po_test1`
--
ALTER TABLE `po_test1`
  MODIFY `id` int(10) UNSIGNED NOT NULL AUTO_INCREMENT, AUTO_INCREMENT=73;
--
-- AUTO_INCREMENT для таблиці `po_testpresentation`
--
ALTER TABLE `po_testpresentation`
  MODIFY `id` int(10) UNSIGNED NOT NULL AUTO_INCREMENT;
--
-- AUTO_INCREMENT для таблиці `po_user_session`
--
ALTER TABLE `po_user_session`
  MODIFY `id` int(10) UNSIGNED NOT NULL AUTO_INCREMENT;
--
-- AUTO_INCREMENT для таблиці `resumes`
--
ALTER TABLE `resumes`
  MODIFY `id` int(10) UNSIGNED NOT NULL AUTO_INCREMENT, AUTO_INCREMENT=106;
--
-- AUTO_INCREMENT для таблиці `resume_city`
--
ALTER TABLE `resume_city`
  MODIFY `id` int(10) UNSIGNED NOT NULL AUTO_INCREMENT;
--
-- AUTO_INCREMENT для таблиці `users`
--
ALTER TABLE `users`
  MODIFY `id` int(10) UNSIGNED NOT NULL AUTO_INCREMENT, AUTO_INCREMENT=4;
--
-- AUTO_INCREMENT для таблиці `vacancies`
--
ALTER TABLE `vacancies`
  MODIFY `id` int(10) UNSIGNED NOT NULL AUTO_INCREMENT, AUTO_INCREMENT=107;
--
-- AUTO_INCREMENT для таблиці `vacancy_city`
--
ALTER TABLE `vacancy_city`
  MODIFY `id` int(10) UNSIGNED NOT NULL AUTO_INCREMENT, AUTO_INCREMENT=107;
--
-- Обмеження зовнішнього ключа збережених таблиць
--

--
-- Обмеження зовнішнього ключа таблиці `vacancies`
--
ALTER TABLE `vacancies`
  ADD CONSTRAINT `vacancies_company_id_foreign` FOREIGN KEY (`company_id`) REFERENCES `company` (`id`) ON DELETE CASCADE;

/*!40101 SET CHARACTER_SET_CLIENT=@OLD_CHARACTER_SET_CLIENT */;
/*!40101 SET CHARACTER_SET_RESULTS=@OLD_CHARACTER_SET_RESULTS */;
/*!40101 SET COLLATION_CONNECTION=@OLD_COLLATION_CONNECTION */;
